overall_quality,feature,value,count,group_rows,raw_probability,smoothed_probability
good,channel_form,flat,81,270,0.3,0.29927007299270075
good,channel_form,u_shape,116,270,0.42962962962962964,0.42700729927007297
good,channel_form,unsure,20,270,0.07407407407407407,0.07664233576642336
good,channel_form,v_shape,53,270,0.1962962962962963,0.19708029197080293
good,bottom_type,artificial,3,270,0.011111111111111112,0.014652014652014652
good,bottom_type,natural,263,270,0.9740740740740741,0.967032967032967
good,bottom_type,unsure,4,270,0.014814814814814815,0.018315018315018316
good,bank_type,artificial,8,270,0.02962962962962963,0.032846715328467155
good,bank_type,laid_stones,19,270,0.07037037037037037,0.072992700729927
good,bank_type,natural,233,270,0.8629629629629629,0.8540145985401459
good,bank_type,unsure,10,270,0.037037037037037035,0.040145985401459854
good,habitats_present,no,4,270,0.014814814814814815,0.01838235294117647
good,habitats_present,yes,266,270,0.9851851851851852,0.9816176470588235
good,natural_debris_present,no,64,270,0.23703703703703705,0.23897058823529413
good,natural_debris_present,yes,206,270,0.762962962962963,0.7610294117647058
good,water_flow,dry,8,270,0.02962962962962963,0.03272727272727273
good,water_flow,fast,84,270,0.3111111111111111,0.3090909090909091
good,water_flow,slow,136,270,0.5037037037037037,0.49818181818181817
good,water_flow,stagnant_intermittent,27,270,0.1,0.10181818181818182
good,water_flow,unsure,15,270,0.05555555555555555,0.05818181818181818
good,water_aspect,altered_color,0,270,0.0,0.0036363636363636364
good,water_aspect,clear_transparent,241,270,0.8925925925925926,0.88
good,water_aspect,has_foam,0,270,0.0,0.0036363636363636364
good,water_aspect,muddy_turbid,19,270,0.07037037037037037,0.07272727272727272
good,water_aspect,unsure,10,270,0.037037037037037035,0.04
good,barriers_present,no,239,270,0.8851851851851852,0.8791208791208791
good,barriers_present,unsure,14,270,0.05185185185185185,0.054945054945054944
good,barriers_present,yes,17,270,0.06296296296296296,0.06593406593406594
good,draining_pipes,no,255,270,0.9444444444444444,0.9377289377289377
good,draining_pipes,unsure,15,270,0.05555555555555555,0.05860805860805861
good,draining_pipes,yes,0,270,0.0,0.003663003663003663
good,sewage_discharge,no,266,270,0.9851851851851852,0.978021978021978
good,sewage_discharge,unsure,4,270,0.014814814814814815,0.018315018315018316
good,sewage_discharge,yes,0,270,0.0,0.003663003663003663
good,construction_in_stream,no,257,270,0.9518518518518518,0.945054945054945
good,construction_in_stream,unsure,10,270,0.037037037037037035,0.040293040293040296
good,construction_in_stream,yes,3,270,0.011111111111111112,0.014652014652014652
good,impervious_area,both_sides,0,270,0.0,0.0036496350364963502
good,impervious_area,none,210,270,0.7777777777777778,0.7700729927007299
good,impervious_area,one_side,42,270,0.15555555555555556,0.15693430656934307
good,impervious_area,unsure,18,270,0.06666666666666667,0.06934306569343066
good,riparian_vegetation,both_sides,221,270,0.8185185185185185,0.8102189781021898
good,riparian_vegetation,none,0,270,0.0,0.0036496350364963502
good,riparian_vegetation,one_side,44,270,0.16296296296296298,0.16423357664233576
good,riparian_vegetation,unsure,5,270,0.018518518518518517,0.021897810218978103
good,vegetation_cuts,no,253,270,0.937037037037037,0.9304029304029304
good,vegetation_cuts,unsure,5,270,0.018518518518518517,0.02197802197802198
good,vegetation_cuts,yes,12,270,0.044444444444444446,0.047619047619047616
moderate,channel_form,flat,75,250,0.3,0.2992125984251969
moderate,channel_form,u_shape,84,250,0.336,0.3346456692913386
moderate,channel_form,unsure,16,250,0.064,0.06692913385826772
moderate,channel_form,v_shape,75,250,0.3,0.2992125984251969
moderate,bottom_type,artificial,85,250,0.34,0.33992094861660077
moderate,bottom_type,natural,148,250,0.592,0.5889328063241107
moderate,bottom_type,unsure,17,250,0.068,0.07114624505928854
moderate,bank_type,artificial,56,250,0.224,0.22440944881889763
moderate,bank_type,laid_stones,68,250,0.272,0.27165354330708663
moderate,bank_type,natural,114,250,0.456,0.452755905511811
moderate,bank_type,unsure,12,250,0.048,0.051181102362204724
moderate,habitats_present,no,86,250,0.344,0.34523809523809523
moderate,habitats_present,yes,164,250,0.656,0.6547619047619048
moderate,natural_debris_present,no,112,250,0.448,0.44841269841269843
moderate,natural_debris_present,yes,138,250,0.552,0.5515873015873016
moderate,water_flow,dry,14,250,0.056,0.058823529411764705
moderate,water_flow,fast,42,250,0.168,0.16862745098039217
moderate,water_flow,slow,125,250,0.5,0.49411764705882355
moderate,water_flow,stagnant_intermittent,57,250,0.228,0.22745098039215686
moderate,water_flow,unsure,12,250,0.048,0.050980392156862744
moderate,water_aspect,altered_color,6,250,0.024,0.027450980392156862
moderate,water_aspect,clear_transparent,143,250,0.572,0.5647058823529412
moderate,water_aspect,has_foam,6,250,0.024,0.027450980392156862
moderate,water_aspect,muddy_turbid,77,250,0.308,0.3058823529411765
moderate,water_aspect,unsure,18,250,0.072,0.07450980392156863
moderate,barriers_present,no,139,250,0.556,0.5533596837944664
moderate,barriers_present,unsure,34,250,0.136,0.1383399209486166
moderate,barriers_present,yes,77,250,0.308,0.308300395256917
moderate,draining_pipes,no,201,250,0.804,0.7984189723320159
moderate,draining_pipes,unsure,27,250,0.108,0.11067193675889328
moderate,draining_pipes,yes,22,250,0.088,0.09090909090909091
moderate,sewage_discharge,no,216,250,0.864,0.857707509881423
moderate,sewage_discharge,unsure,22,250,0.088,0.09090909090909091
moderate,sewage_discharge,yes,12,250,0.048,0.05138339920948617
moderate,construction_in_stream,no,186,250,0.744,0.7391304347826086
moderate,construction_in_stream,unsure,20,250,0.08,0.08300395256916997
moderate,construction_in_stream,yes,44,250,0.176,0.17786561264822134
moderate,impervious_area,both_sides,35,250,0.14,0.14173228346456693
moderate,impervious_area,none,100,250,0.4,0.39763779527559057
moderate,impervious_area,one_side,102,250,0.408,0.40551181102362205
moderate,impervious_area,unsure,13,250,0.052,0.05511811023622047
moderate,riparian_vegetation,both_sides,119,250,0.476,0.47244094488188976
moderate,riparian_vegetation,none,11,250,0.044,0.047244094488188976
moderate,riparian_vegetation,one_side,109,250,0.436,0.4330708661417323
moderate,riparian_vegetation,unsure,11,250,0.044,0.047244094488188976
moderate,vegetation_cuts,no,167,250,0.668,0.6640316205533597
moderate,vegetation_cuts,unsure,22,250,0.088,0.09090909090909091
moderate,vegetation_cuts,yes,61,250,0.244,0.2450592885375494
poor,channel_form,flat,40,132,0.30303030303030304,0.3014705882352941
poor,channel_form,u_shape,45,132,0.3409090909090909,0.3382352941176471
poor,channel_form,unsure,6,132,0.045454545454545456,0.051470588235294115
poor,channel_form,v_shape,41,132,0.3106060606060606,0.3088235294117647
poor,bottom_type,artificial,97,132,0.7348484848484849,0.725925925925926
poor,bottom_type,natural,30,132,0.22727272727272727,0.22962962962962963
poor,bottom_type,unsure,5,132,0.03787878787878788,0.044444444444444446
poor,bank_type,artificial,80,132,0.6060606060606061,0.5955882352941176
poor,bank_type,laid_stones,30,132,0.22727272727272727,0.22794117647058823
poor,bank_type,natural,18,132,0.13636363636363635,0.13970588235294118
poor,bank_type,unsure,4,132,0.030303030303030304,0.03676470588235294
poor,habitats_present,no,101,132,0.7651515151515151,0.7611940298507462
poor,habitats_present,yes,31,132,0.23484848484848486,0.23880597014925373
poor,natural_debris_present,no,89,132,0.6742424242424242,0.6716417910447762
poor,natural_debris_present,yes,43,132,0.32575757575757575,0.3283582089552239
poor,water_flow,dry,34,132,0.25757575757575757,0.25547445255474455
poor,water_flow,fast,10,132,0.07575757575757576,0.08029197080291971
poor,water_flow,slow,19,132,0.14393939393939395,0.145985401459854
poor,water_flow,stagnant_intermittent,63,132,0.4772727272727273,0.46715328467153283
poor,water_flow,unsure,6,132,0.045454545454545456,0.051094890510948905
poor,water_aspect,altered_color,36,132,0.2727272727272727,0.27007299270072993
poor,water_aspect,clear_transparent,12,132,0.09090909090909091,0.0948905109489051
poor,water_aspect,has_foam,25,132,0.1893939393939394,0.1897810218978102
poor,water_aspect,muddy_turbid,58,132,0.4393939393939394,0.4306569343065693
poor,water_aspect,unsure,1,132,0.007575757575757576,0.014598540145985401
poor,barriers_present,no,51,132,0.38636363636363635,0.3851851851851852
poor,barriers_present,unsure,15,132,0.11363636363636363,0.11851851851851852
poor,barriers_present,yes,66,132,0.5,0.4962962962962963
poor,draining_pipes,no,33,132,0.25,0.2518518518518518
poor,draining_pipes,unsure,13,132,0.09848484848484848,0.1037037037037037
poor,draining_pipes,yes,86,132,0.6515151515151515,0.6444444444444445
poor,sewage_discharge,no,49,132,0.3712121212121212,0.37037037037037035
poor,sewage_discharge,unsure,13,132,0.09848484848484848,0.1037037037037037
poor,sewage_discharge,yes,70,132,0.5303030303030303,0.5259259259259259
poor,construction_in_stream,no,38,132,0.2878787878787879,0.28888888888888886
poor,construction_in_stream,unsure,15,132,0.11363636363636363,0.11851851851851852
poor,construction_in_stream,yes,79,132,0.5984848484848485,0.5925925925925926
poor,impervious_area,both_sides,53,132,0.4015151515151515,0.39705882352941174
poor,impervious_area,none,12,132,0.09090909090909091,0.09558823529411764
poor,impervious_area,one_side,57,132,0.4318181818181818,0.4264705882352941
poor,impervious_area,unsure,10,132,0.07575757575757576,0.08088235294117647
poor,riparian_vegetation,both_sides,13,132,0.09848484848484848,0.10294117647058823
poor,riparian_vegetation,none,74,132,0.5606060606060606,0.5514705882352942
poor,riparian_vegetation,one_side,39,132,0.29545454545454547,0.29411764705882354
poor,riparian_vegetation,unsure,6,132,0.045454545454545456,0.051470588235294115
poor,vegetation_cuts,no,42,132,0.3181818181818182,0.31851851851851853
poor,vegetation_cuts,unsure,13,132,0.09848484848484848,0.1037037037037037
poor,vegetation_cuts,yes,77,132,0.5833333333333334,0.5777777777777777
