observation_id,synthetic_source,channel_form,bottom_type,bank_type,habitats_present,natural_debris_present,water_flow,water_aspect,barriers_present,draining_pipes,sewage_discharge,construction_in_stream,impervious_area,riparian_vegetation,vegetation_cuts,overall_ecosystem_quality,synthetic_profile,synthetic_anomaly,synthetic_anomaly_type
REF_0001,generated_prototype,u_shape,natural,laid_stones,yes,no,fast,clear_transparent,unsure,no,no,no,none,both_sides,no,good,good,0,none
REF_0002,generated_prototype,u_shape,artificial,laid_stones,no,no,stagnant_intermittent,unsure,yes,yes,yes,no,one_side,one_side,yes,poor,poor,0,none
REF_0003,generated_prototype,unsure,natural,natural,yes,no,dry,muddy_turbid,no,no,no,no,one_side,both_sides,no,moderate,moderate,0,none
REF_0004,generated_prototype,v_shape,unsure,artificial,no,no,stagnant_intermittent,altered_color,no,yes,yes,no,both_sides,both_sides,yes,poor,poor,0,none
REF_0005,generated_prototype,v_shape,artificial,unsure,no,no,slow,muddy_turbid,no,no,no,yes,both_sides,none,yes,poor,poor,0,none
REF_0006,generated_prototype,flat,unsure,natural,no,yes,slow,clear_transparent,unsure,no,no,no,one_side,one_side,yes,moderate,moderate,0,none
REF_0010,generated_prototype,u_shape,natural,natural,yes,no,fast,clear_transparent,no,no,no,no,none,both_sides,no,good,good,0,none
REF_0011,generated_prototype,u_shape,natural,natural,yes,yes,fast,clear_transparent,no,no,no,no,none,both_sides,yes,good,good,0,none
REF_0013,generated_prototype,u_shape,natural,natural,yes,yes,slow,clear_transparent,no,no,no,no,unsure,both_sides,no,good,good,0,none
REF_0015,generated_prototype,v_shape,natural,artificial,no,no,fast,clear_transparent,no,yes,no,no,both_sides,one_side,yes,poor,poor,0,none
REF_0022,generated_prototype,v_shape,natural,artificial,yes,no,slow,unsure,no,no,no,no,none,unsure,yes,moderate,moderate,0,none
REF_0024,generated_prototype,unsure,natural,natural,yes,yes,slow,clear_transparent,no,no,no,no,none,both_sides,no,good,good,0,none
REF_0025,generated_prototype,flat,natural,natural,yes,no,slow,clear_transparent,no,no,no,no,one_side,both_sides,no,good,good,0,none
REF_0026,generated_prototype,unsure,artificial,artificial,yes,no,slow,muddy_turbid,no,no,no,no,one_side,one_side,no,moderate,moderate,0,none
REF_0027,generated_prototype,flat,natural,unsure,yes,yes,slow,muddy_turbid,yes,no,no,no,one_side,none,no,moderate,moderate,0,none
REF_0028,generated_prototype,u_shape,artificial,natural,yes,yes,slow,clear_transparent,no,unsure,no,no,none,both_sides,no,moderate,moderate,0,none
REF_0029,generated_prototype,unsure,natural,natural,yes,yes,slow,muddy_turbid,no,no,no,unsure,both_sides,both_sides,no,moderate,moderate,0,none
REF_0030,generated_prototype,u_shape,natural,natural,yes,yes,slow,clear_transparent,no,no,no,no,none,both_sides,no,good,good,0,none
REF_0031,generated_prototype,flat,artificial,artificial,no,yes,stagnant_intermittent,has_foam,no,yes,no,no,both_sides,none,yes,poor,poor,0,none
REF_0032,generated_prototype,flat,artificial,artificial,no,no,dry,muddy_turbid,yes,yes,unsure,unsure,both_sides,one_side,yes,poor,poor,0,none
REF_0033,generated_prototype,v_shape,natural,laid_stones,yes,yes,slow,clear_transparent,no,no,unsure,yes,none,both_sides,no,moderate,moderate,0,none
REF_0034,generated_prototype,flat,natural,laid_stones,yes,yes,slow,muddy_turbid,no,no,no,no,none,both_sides,no,good,good,0,none
REF_0035,generated_prototype,v_shape,natural,natural,yes,yes,slow,clear_transparent,no,no,no,no,none,both_sides,no,good,good,0,none
REF_0036,generated_prototype,u_shape,natural,natural,yes,no,stagnant_intermittent,clear_transparent,no,no,no,no,none,both_sides,no,good,good,0,none
REF_0037,generated_prototype,u_shape,natural,natural,yes,no,slow,muddy_turbid,no,unsure,no,no,none,both_sides,no,good,good,0,none
REF_0040,generated_prototype,flat,natural,laid_stones,yes,no,slow,muddy_turbid,no,no,no,unsure,both_sides,none,no,moderate,moderate,0,none
REF_0041,generated_prototype,u_shape,natural,natural,yes,yes,fast,clear_transparent,no,no,no,no,none,both_sides,no,good,good,0,none
REF_0042,generated_prototype,u_shape,natural,natural,yes,yes,fast,clear_transparent,yes,no,no,no,unsure,one_side,no,good,good,0,none
REF_0043,generated_prototype,v_shape,natural,laid_stones,yes,yes,slow,muddy_turbid,no,no,no,no,unsure,both_sides,no,good,good,0,none
REF_0044,generated_prototype,u_shape,artificial,natural,yes,no,dry,clear_transparent,yes,no,no,no,none,both_sides,no,moderate,moderate,0,none
REF_0046,generated_prototype,flat,natural,natural,yes,yes,fast,clear_transparent,no,no,no,no,none,both_sides,no,good,good,0,none
REF_0047,generated_prototype,flat,artificial,natural,yes,no,slow,muddy_turbid,yes,unsure,no,no,both_sides,one_side,no,moderate,moderate,0,none
REF_0048,generated_prototype,v_shape,natural,natural,yes,yes,unsure,clear_transparent,no,no,no,no,none,both_sides,no,good,good,0,none
REF_0049,generated_prototype,unsure,natural,natural,yes,yes,dry,clear_transparent,no,no,no,no,none,both_sides,no,good,good,0,none
REF_0050,generated_prototype,unsure,natural,natural,yes,yes,slow,clear_transparent,no,no,no,no,none,both_sides,no,good,good,0,none
REF_0051,generated_prototype,v_shape,artificial,artificial,no,no,stagnant_intermittent,muddy_turbid,yes,yes,no,no,one_side,both_sides,no,moderate,moderate,0,none
REF_0052,generated_prototype,unsure,natural,natural,yes,yes,fast,clear_transparent,no,no,no,no,none,both_sides,no,good,good,0,none
REF_0053,generated_prototype,flat,natural,natural,yes,yes,slow,clear_transparent,no,no,no,no,none,both_sides,yes,good,good,0,none
REF_0056,generated_prototype,v_shape,natural,natural,no,yes,slow,clear_transparent,no,no,no,no,none,one_side,yes,moderate,moderate,0,none
REF_0058,generated_prototype,v_shape,natural,natural,yes,yes,fast,clear_transparent,no,no,no,no,one_side,both_sides,yes,moderate,moderate,0,none
REF_0059,generated_prototype,u_shape,natural,laid_stones,no,yes,stagnant_intermittent,muddy_turbid,no,yes,no,no,one_side,one_side,yes,poor,poor,0,none
REF_0060,generated_prototype,flat,natural,natural,yes,yes,fast,clear_transparent,no,no,no,no,none,both_sides,no,good,good,0,none
REF_0061,generated_prototype,u_shape,natural,natural,yes,no,slow,clear_transparent,yes,no,no,no,none,both_sides,no,good,good,0,none
REF_0062,generated_prototype,v_shape,natural,natural,yes,no,stagnant_intermittent,clear_transparent,no,no,unsure,no,one_side,both_sides,no,moderate,moderate,0,none
REF_0063,generated_prototype,u_shape,natural,natural,yes,no,fast,muddy_turbid,no,no,no,no,none,one_side,no,good,good,0,none
REF_0064,generated_prototype,u_shape,artificial,laid_stones,no,no,slow,altered_color,unsure,no,no,no,both_sides,both_sides,no,moderate,moderate,0,none
REF_0065,generated_prototype,v_shape,natural,natural,yes,yes,slow,clear_transparent,no,no,no,no,none,both_sides,no,good,good,0,none
REF_0067,generated_prototype,v_shape,natural,laid_stones,no,yes,dry,has_foam,no,no,yes,unsure,both_sides,none,yes,poor,poor,0,none
REF_0068,generated_prototype,u_shape,natural,natural,yes,yes,slow,clear_transparent,no,no,no,no,one_side,both_sides,no,good,good,0,none
REF_0069,generated_prototype,flat,natural,natural,no,yes,slow,clear_transparent,no,no,no,no,one_side,none,no,moderate,moderate,0,none
REF_0070,generated_prototype,flat,natural,natural,yes,yes,dry,clear_transparent,no,no,no,no,none,both_sides,no,good,good,0,none
REF_0071,generated_prototype,u_shape,artificial,laid_stones,yes,yes,slow,clear_transparent,no,no,no,no,unsure,one_side,no,moderate,moderate,0,none
REF_0072,generated_prototype,flat,natural,natural,yes,no,fast,clear_transparent,no,unsure,no,no,none,one_side,no,good,good,0,none
REF_0075,generated_prototype,flat,natural,artificial,no,no,stagnant_intermittent,clear_transparent,no,unsure,no,no,one_side,both_sides,yes,moderate,moderate,0,none
REF_0079,generated_prototype,flat,natural,natural,yes,no,fast,clear_transparent,no,no,no,no,none,both_sides,no,good,good,0,none
REF_0082,generated_prototype,flat,unsure,laid_stones,yes,yes,slow,clear_transparent,no,no,no,no,none,both_sides,unsure,moderate,moderate,0,none
REF_0083,generated_prototype,v_shape,artificial,laid_stones,yes,yes,dry,has_foam,unsure,yes,no,no,one_side,one_side,no,poor,poor,0,none
REF_0084,generated_prototype,v_shape,artificial,laid_stones,no,yes,slow,clear_transparent,yes,yes,no,yes,one_side,none,yes,poor,poor,0,none
REF_0086,generated_prototype,u_shape,artificial,natural,yes,yes,stagnant_intermittent,muddy_turbid,no,no,yes,yes,one_side,one_side,yes,poor,poor,0,none
REF_0087,generated_prototype,flat,natural,natural,no,no,unsure,muddy_turbid,yes,unsure,no,no,one_side,both_sides,no,moderate,moderate,0,none
REF_0089,generated_prototype,flat,natural,natural,yes,yes,slow,unsure,no,no,no,no,one_side,both_sides,no,good,good,0,none
REF_0090,generated_prototype,v_shape,artificial,laid_stones,no,no,fast,muddy_turbid,unsure,no,no,unsure,none,both_sides,yes,moderate,moderate,0,none
REF_0091,generated_prototype,v_shape,artificial,artificial,no,no,dry,altered_color,no,yes,no,yes,one_side,none,no,poor,poor,0,none
REF_0092,generated_prototype,flat,natural,natural,yes,no,fast,unsure,yes,no,unsure,no,one_side,one_side,yes,moderate,moderate,0,none
REF_0093,generated_prototype,v_shape,natural,natural,yes,yes,slow,clear_transparent,no,no,no,no,one_side,one_side,unsure,moderate,moderate,0,none
REF_0097,generated_prototype,v_shape,natural,natural,yes,yes,unsure,clear_transparent,no,no,no,no,none,one_side,no,good,good,0,none
REF_0099,generated_prototype,v_shape,natural,natural,yes,no,slow,unsure,no,unsure,no,no,none,both_sides,no,good,good,0,none
REF_0100,generated_prototype,u_shape,artificial,artificial,no,no,slow,muddy_turbid,no,yes,yes,yes,one_side,unsure,yes,poor,poor,0,none
REF_0101,generated_prototype,u_shape,artificial,laid_stones,no,yes,slow,clear_transparent,yes,no,no,no,none,unsure,unsure,moderate,moderate,0,none
REF_0103,generated_prototype,flat,natural,natural,yes,yes,slow,clear_transparent,no,no,no,no,unsure,both_sides,no,good,good,0,none
REF_0104,generated_prototype,u_shape,artificial,natural,no,no,slow,has_foam,yes,yes,no,unsure,one_side,none,no,poor,poor,0,none
REF_0105,generated_prototype,v_shape,natural,unsure,yes,no,stagnant_intermittent,clear_transparent,no,no,no,no,none,one_side,no,good,good,0,none
REF_0106,generated_prototype,u_shape,natural,artificial,no,no,fast,muddy_turbid,yes,yes,yes,yes,both_sides,one_side,no,poor,poor,0,none
REF_0109,generated_prototype,flat,unsure,natural,yes,no,slow,muddy_turbid,no,yes,yes,yes,none,one_side,no,moderate,moderate,0,none
REF_0110,generated_prototype,u_shape,natural,natural,yes,yes,fast,clear_transparent,no,no,no,no,none,both_sides,no,good,good,0,none
REF_0111,generated_prototype,flat,natural,unsure,yes,no,slow,clear_transparent,yes,no,no,no,none,both_sides,unsure,good,good,0,none
REF_0112,generated_prototype,flat,natural,natural,yes,no,stagnant_intermittent,clear_transparent,yes,no,no,no,unsure,both_sides,no,moderate,moderate,0,none
REF_0113,generated_prototype,v_shape,natural,natural,yes,yes,fast,clear_transparent,no,no,no,no,one_side,both_sides,no,good,good,0,none
REF_0115,generated_prototype,v_shape,artificial,artificial,no,no,stagnant_intermittent,muddy_turbid,no,no,no,yes,one_side,one_side,unsure,poor,poor,0,none
REF_0116,generated_prototype,flat,artificial,laid_stones,yes,yes,slow,muddy_turbid,no,no,unsure,no,one_side,one_side,no,moderate,moderate,0,none
REF_0120,generated_prototype,u_shape,natural,natural,no,yes,slow,muddy_turbid,yes,no,no,no,none,one_side,no,moderate,moderate,0,none
REF_0121,generated_prototype,flat,natural,natural,yes,yes,stagnant_intermittent,clear_transparent,no,no,no,no,none,one_side,no,good,good,0,none
REF_0122,generated_prototype,u_shape,natural,natural,yes,yes,slow,clear_transparent,no,no,no,no,none,both_sides,no,good,good,0,none
REF_0123,generated_prototype,unsure,natural,laid_stones,no,no,dry,muddy_turbid,no,yes,yes,unsure,one_side,none,unsure,poor,poor,0,none
REF_0124,generated_prototype,u_shape,artificial,laid_stones,no,no,stagnant_intermittent,clear_transparent,yes,yes,yes,yes,both_sides,none,no,poor,poor,0,none
REF_0126,generated_prototype,v_shape,natural,unsure,no,no,slow,clear_transparent,yes,no,no,no,one_side,both_sides,no,moderate,moderate,0,none
REF_0128,generated_prototype,flat,natural,natural,yes,yes,slow,clear_transparent,no,no,no,no,none,one_side,no,good,good,0,none
REF_0130,generated_prototype,u_shape,natural,natural,no,no,stagnant_intermittent,muddy_turbid,no,no,no,no,none,both_sides,no,moderate,moderate,0,none
REF_0131,generated_prototype,flat,artificial,laid_stones,no,yes,slow,unsure,no,no,no,no,one_side,one_side,yes,moderate,moderate,0,none
REF_0132,generated_prototype,u_shape,artificial,laid_stones,yes,no,slow,clear_transparent,no,yes,no,no,none,one_side,yes,moderate,moderate,0,none
REF_0133,generated_prototype,v_shape,natural,artificial,yes,no,stagnant_intermittent,muddy_turbid,unsure,no,no,no,none,both_sides,no,moderate,moderate,0,none
REF_0135,generated_prototype,v_shape,natural,natural,yes,yes,slow,clear_transparent,no,no,no,no,none,both_sides,no,good,good,0,none
REF_0136,generated_prototype,v_shape,artificial,artificial,yes,no,slow,muddy_turbid,no,yes,no,yes,one_side,both_sides,yes,poor,poor,0,none
REF_0137,generated_prototype,flat,natural,natural,no,yes,slow,clear_transparent,yes,unsure,no,yes,none,one_side,no,moderate,moderate,0,none
REF_0138,generated_prototype,u_shape,natural,unsure,yes,yes,slow,clear_transparent,no,no,no,no,none,both_sides,no,good,good,0,none
REF_0140,generated_prototype,u_shape,natural,natural,yes,yes,stagnant_intermittent,clear_transparent,no,unsure,no,no,none,both_sides,no,good,good,0,none
REF_0141,generated_prototype,u_shape,natural,laid_stones,yes,yes,slow,clear_transparent,no,no,yes,no,one_side,both_sides,no,moderate,moderate,0,none
REF_0144,generated_prototype,v_shape,artificial,natural,yes,yes,slow,clear_transparent,unsure,no,no,no,one_side,one_side,no,moderate,moderate,0,none
REF_0146,generated_prototype,flat,natural,laid_stones,yes,no,slow,clear_transparent,unsure,no,no,yes,none,both_sides,no,moderate,moderate,0,none
REF_0147,generated_prototype,u_shape,artificial,natural,yes,yes,slow,clear_transparent,yes,no,no,yes,none,both_sides,no,good,good,0,none
REF_0148,generated_prototype,u_shape,natural,natural,yes,yes,slow,clear_transparent,no,no,no,no,unsure,both_sides,no,good,good,0,none
REF_0149,generated_prototype,v_shape,artificial,natural,yes,yes,slow,clear_transparent,yes,no,no,no,one_side,unsure,no,moderate,moderate,0,none
REF_0150,generated_prototype,u_shape,natural,natural,yes,no,slow,clear_transparent,no,no,no,no,none,both_sides,no,good,good,0,none
REF_0151,generated_prototype,flat,natural,laid_stones,yes,no,slow,muddy_turbid,yes,no,no,yes,none,both_sides,yes,moderate,moderate,0,none
REF_0154,generated_prototype,v_shape,natural,laid_stones,yes,yes,dry,muddy_turbid,no,no,no,no,none,one_side,no,good,good,0,none
REF_0155,generated_prototype,flat,natural,natural,no,no,slow,clear_transparent,no,no,no,yes,none,both_sides,unsure,moderate,moderate,0,none
REF_0156,generated_prototype,flat,natural,artificial,yes,no,stagnant_intermittent,muddy_turbid,yes,no,no,no,none,one_side,no,moderate,moderate,0,none
REF_0157,generated_prototype,v_shape,natural,laid_stones,yes,yes,slow,clear_transparent,no,no,no,no,none,both_sides,no,good,good,0,none
REF_0159,generated_prototype,u_shape,natural,natural,yes,yes,unsure,clear_transparent,no,no,no,no,none,both_sides,unsure,good,good,0,none
REF_0160,generated_prototype,flat,artificial,artificial,no,no,dry,altered_color,yes,yes,no,unsure,one_side,none,yes,poor,poor,0,none
REF_0163,generated_prototype,v_shape,natural,artificial,no,yes,stagnant_intermittent,clear_transparent,yes,no,no,no,none,none,no,moderate,moderate,0,none
REF_0164,generated_prototype,u_shape,natural,natural,yes,yes,slow,unsure,no,no,no,yes,one_side,one_side,no,moderate,moderate,0,none
REF_0166,generated_prototype,v_shape,natural,artificial,no,no,unsure,clear_transparent,no,no,no,no,one_side,both_sides,no,good,good,0,none
REF_0167,generated_prototype,flat,natural,natural,yes,yes,fast,clear_transparent,no,no,no,no,one_side,both_sides,no,good,good,0,none
REF_0168,generated_prototype,flat,artificial,artificial,yes,no,stagnant_intermittent,altered_color,no,yes,yes,yes,both_sides,none,no,poor,poor,0,none
REF_0169,generated_prototype,u_shape,natural,natural,yes,no,fast,clear_transparent,no,no,no,no,none,both_sides,no,good,good,0,none
REF_0170,generated_prototype,u_shape,artificial,artificial,no,yes,slow,has_foam,unsure,no,yes,yes,both_sides,none,yes,poor,poor,0,none
REF_0171,generated_prototype,u_shape,natural,natural,yes,no,slow,muddy_turbid,yes,no,yes,yes,one_side,both_sides,unsure,moderate,moderate,0,none
REF_0172,generated_prototype,u_shape,artificial,natural,no,no,stagnant_intermittent,muddy_turbid,no,no,no,unsure,one_side,one_side,unsure,moderate,moderate,0,none
REF_0173,generated_prototype,u_shape,natural,natural,yes,yes,slow,clear_transparent,no,no,no,no,none,both_sides,no,good,good,0,none
REF_0175,generated_prototype,flat,natural,natural,yes,no,slow,clear_transparent,no,no,no,no,none,one_side,no,good,good,0,none
REF_0177,generated_prototype,u_shape,artificial,natural,yes,yes,stagnant_intermittent,clear_transparent,no,no,no,no,none,both_sides,no,good,good,0,none
REF_0180,generated_prototype,flat,natural,unsure,yes,yes,slow,unsure,no,unsure,no,no,one_side,one_side,no,moderate,moderate,0,none
REF_0181,generated_prototype,v_shape,artificial,artificial,no,yes,unsure,muddy_turbid,yes,yes,unsure,no,both_sides,unsure,yes,poor,poor,0,none
REF_0182,generated_prototype,flat,unsure,natural,yes,yes,slow,unsure,unsure,no,no,yes,one_side,one_side,no,moderate,moderate,0,none
REF_0186,generated_prototype,flat,natural,artificial,yes,no,stagnant_intermittent,clear_transparent,no,no,no,yes,none,both_sides,no,moderate,moderate,0,none
REF_0189,generated_prototype,v_shape,natural,laid_stones,yes,yes,fast,muddy_turbid,yes,no,no,yes,unsure,one_side,no,moderate,moderate,0,none
REF_0190,generated_prototype,unsure,natural,natural,yes,yes,unsure,clear_transparent,no,no,no,no,none,one_side,no,good,good,0,none
REF_0191,generated_prototype,u_shape,artificial,laid_stones,no,no,slow,muddy_turbid,yes,yes,yes,yes,both_sides,none,unsure,poor,poor,0,none
REF_0192,generated_prototype,unsure,natural,natural,yes,yes,slow,clear_transparent,no,no,no,no,none,both_sides,no,good,good,0,none
REF_0194,generated_prototype,u_shape,natural,natural,yes,yes,fast,clear_transparent,no,no,no,no,none,both_sides,no,good,good,0,none
REF_0195,generated_prototype,u_shape,natural,natural,yes,yes,fast,clear_transparent,no,no,no,no,none,both_sides,no,good,good,0,none
REF_0196,generated_prototype,u_shape,natural,natural,yes,no,stagnant_intermittent,unsure,no,no,no,no,none,both_sides,no,good,good,0,none
REF_0197,generated_prototype,flat,artificial,artificial,yes,yes,slow,muddy_turbid,no,no,no,no,none,one_side,no,moderate,moderate,0,none
REF_0198,generated_prototype,u_shape,artificial,artificial,no,yes,slow,muddy_turbid,yes,no,yes,yes,unsure,one_side,no,poor,poor,0,none
REF_0199,generated_prototype,u_shape,natural,natural,yes,yes,fast,clear_transparent,no,no,no,no,none,both_sides,no,good,good,0,none
REF_0201,generated_prototype,v_shape,natural,natural,yes,yes,slow,muddy_turbid,no,no,unsure,no,none,both_sides,yes,moderate,moderate,0,none
REF_0202,generated_prototype,v_shape,artificial,artificial,no,no,stagnant_intermittent,altered_color,no,yes,no,yes,one_side,one_side,yes,poor,poor,0,none
REF_0205,generated_prototype,flat,natural,natural,yes,no,unsure,clear_transparent,no,no,no,no,none,both_sides,no,good,good,0,none
REF_0206,generated_prototype,v_shape,natural,natural,no,no,unsure,altered_color,no,yes,yes,no,one_side,unsure,no,poor,poor,0,none
REF_0210,generated_prototype,flat,natural,natural,yes,yes,fast,clear_transparent,no,no,no,no,none,both_sides,no,good,good,0,none
REF_0211,generated_prototype,v_shape,natural,natural,yes,no,fast,muddy_turbid,yes,no,no,yes,both_sides,both_sides,no,moderate,moderate,0,none
REF_0212,generated_prototype,v_shape,artificial,artificial,no,no,stagnant_intermittent,has_foam,yes,no,yes,yes,unsure,one_side,yes,poor,poor,0,none
REF_0215,generated_prototype,u_shape,natural,natural,yes,yes,fast,clear_transparent,no,no,no,no,none,both_sides,no,good,good,0,none
REF_0216,generated_prototype,u_shape,natural,natural,yes,yes,slow,muddy_turbid,no,unsure,no,no,none,both_sides,no,good,good,0,none
REF_0223,generated_prototype,flat,artificial,artificial,yes,no,stagnant_intermittent,muddy_turbid,unsure,no,no,no,both_sides,none,yes,poor,poor,0,none
REF_0224,generated_prototype,u_shape,natural,natural,yes,yes,slow,clear_transparent,no,no,no,no,none,both_sides,no,good,good,0,none
REF_0225,generated_prototype,u_shape,natural,natural,yes,no,fast,clear_transparent,no,no,no,no,unsure,both_sides,no,good,good,0,none
REF_0226,generated_prototype,u_shape,natural,laid_stones,yes,yes,slow,clear_transparent,no,no,no,no,one_side,both_sides,no,good,good,0,none
REF_0228,generated_prototype,flat,artificial,artificial,no,yes,stagnant_intermittent,muddy_turbid,yes,no,yes,yes,unsure,none,no,poor,poor,0,none
REF_0229,generated_prototype,unsure,artificial,natural,yes,no,unsure,clear_transparent,yes,no,no,yes,both_sides,one_side,no,moderate,moderate,0,none
REF_0231,generated_prototype,unsure,natural,natural,yes,no,slow,clear_transparent,no,yes,no,no,one_side,unsure,no,moderate,moderate,0,none
REF_0232,generated_prototype,u_shape,artificial,natural,yes,yes,slow,muddy_turbid,yes,no,no,no,none,both_sides,no,moderate,moderate,0,none
REF_0233,generated_prototype,flat,natural,laid_stones,yes,yes,stagnant_intermittent,clear_transparent,yes,no,no,no,none,one_side,no,good,good,0,none
REF_0236,generated_prototype,flat,natural,natural,no,yes,slow,clear_transparent,no,no,no,no,none,both_sides,no,good,good,0,none
REF_0240,generated_prototype,u_shape,artificial,artificial,yes,yes,slow,clear_transparent,no,no,no,yes,none,one_side,no,moderate,moderate,0,none
REF_0244,generated_prototype,unsure,natural,natural,yes,yes,slow,clear_transparent,no,no,no,no,none,both_sides,no,good,good,0,none
REF_0245,generated_prototype,u_shape,artificial,unsure,no,no,dry,muddy_turbid,no,yes,no,yes,one_side,both_sides,no,poor,poor,0,none
REF_0246,generated_prototype,v_shape,natural,artificial,yes,no,stagnant_intermittent,muddy_turbid,yes,unsure,no,no,none,both_sides,no,moderate,moderate,0,none
REF_0247,generated_prototype,flat,natural,natural,yes,yes,fast,muddy_turbid,no,no,no,no,none,one_side,no,moderate,moderate,0,none
REF_0248,generated_prototype,unsure,natural,natural,yes,yes,fast,clear_transparent,no,no,no,yes,none,both_sides,no,good,good,0,none
REF_0249,generated_prototype,flat,artificial,artificial,no,no,stagnant_intermittent,altered_color,unsure,no,no,yes,one_side,none,no,poor,poor,0,none
REF_0252,generated_prototype,u_shape,natural,natural,yes,yes,slow,clear_transparent,no,no,no,no,none,one_side,yes,good,good,0,none
REF_0253,generated_prototype,u_shape,natural,natural,yes,yes,stagnant_intermittent,clear_transparent,unsure,no,no,no,none,both_sides,no,good,good,0,none
REF_0254,generated_prototype,u_shape,natural,natural,yes,no,slow,clear_transparent,no,no,no,no,one_side,one_side,no,good,good,0,none
REF_0255,generated_prototype,u_shape,artificial,laid_stones,no,no,slow,muddy_turbid,no,no,no,no,none,one_side,no,moderate,moderate,0,none
REF_0256,generated_prototype,flat,artificial,artificial,no,yes,stagnant_intermittent,muddy_turbid,no,unsure,yes,yes,both_sides,none,no,poor,poor,0,none
REF_0258,generated_prototype,flat,artificial,artificial,yes,yes,stagnant_intermittent,muddy_turbid,yes,yes,yes,yes,both_sides,one_side,no,poor,poor,0,none
REF_0259,generated_prototype,flat,natural,laid_stones,yes,yes,fast,clear_transparent,no,no,no,no,none,both_sides,yes,good,good,0,none
REF_0260,generated_prototype,u_shape,artificial,artificial,no,yes,stagnant_intermittent,muddy_turbid,yes,yes,yes,no,one_side,none,no,poor,poor,0,none
REF_0263,generated_prototype,u_shape,natural,laid_stones,yes,yes,stagnant_intermittent,clear_transparent,no,yes,no,yes,none,both_sides,yes,moderate,moderate,0,none
REF_0264,generated_prototype,u_shape,natural,natural,yes,yes,slow,clear_transparent,no,no,no,no,none,both_sides,no,good,good,0,none
REF_0265,generated_prototype,v_shape,natural,natural,yes,yes,slow,clear_transparent,no,no,no,no,none,both_sides,no,good,good,0,none
REF_0266,generated_prototype,u_shape,unsure,unsure,yes,yes,slow,clear_transparent,no,no,unsure,no,one_side,both_sides,yes,moderate,moderate,0,none
REF_0268,generated_prototype,v_shape,natural,natural,no,yes,fast,clear_transparent,no,no,no,unsure,none,both_sides,no,good,good,0,none
REF_0269,generated_prototype,flat,artificial,artificial,yes,yes,unsure,clear_transparent,no,no,no,no,one_side,both_sides,no,good,good,0,none
REF_0270,generated_prototype,u_shape,natural,natural,yes,yes,slow,clear_transparent,no,no,no,no,unsure,both_sides,no,good,good,0,none
REF_0271,generated_prototype,u_shape,artificial,laid_stones,yes,no,dry,clear_transparent,yes,no,no,no,one_side,one_side,no,moderate,moderate,0,none
REF_0272,generated_prototype,v_shape,artificial,laid_stones,no,no,stagnant_intermittent,clear_transparent,no,no,no,yes,one_side,one_side,unsure,moderate,moderate,0,none
REF_0273,generated_prototype,v_shape,natural,natural,no,no,stagnant_intermittent,clear_transparent,unsure,no,no,no,both_sides,one_side,yes,moderate,moderate,0,none
REF_0274,generated_prototype,v_shape,artificial,artificial,yes,yes,fast,muddy_turbid,no,yes,no,no,none,one_side,no,moderate,moderate,0,none
REF_0275,generated_prototype,u_shape,natural,natural,no,yes,slow,clear_transparent,no,no,no,unsure,none,both_sides,no,moderate,moderate,0,none
REF_0279,generated_prototype,u_shape,natural,natural,yes,yes,stagnant_intermittent,clear_transparent,no,no,no,no,none,both_sides,no,good,good,0,none
REF_0280,generated_prototype,u_shape,natural,artificial,no,no,stagnant_intermittent,muddy_turbid,yes,unsure,no,yes,both_sides,none,no,poor,poor,0,none
REF_0282,generated_prototype,u_shape,natural,laid_stones,yes,no,slow,clear_transparent,no,no,unsure,no,none,both_sides,yes,moderate,moderate,0,none
REF_0283,generated_prototype,u_shape,natural,natural,no,yes,slow,clear_transparent,no,no,no,no,one_side,both_sides,unsure,moderate,moderate,0,none
REF_0285,generated_prototype,u_shape,natural,natural,yes,yes,fast,clear_transparent,no,no,no,no,none,one_side,no,good,good,0,none
REF_0286,generated_prototype,v_shape,artificial,artificial,yes,no,stagnant_intermittent,has_foam,no,unsure,unsure,no,unsure,none,yes,poor,poor,0,none
REF_0287,generated_prototype,flat,natural,laid_stones,yes,no,unsure,clear_transparent,no,no,no,no,none,one_side,unsure,moderate,moderate,0,none
REF_0289,generated_prototype,flat,natural,unsure,yes,yes,slow,clear_transparent,no,unsure,no,no,one_side,both_sides,no,good,good,0,none
REF_0290,generated_prototype,flat,natural,natural,yes,no,fast,clear_transparent,yes,no,no,no,none,both_sides,no,good,good,0,none
REF_0291,generated_prototype,flat,natural,natural,yes,no,fast,clear_transparent,no,no,no,no,one_side,both_sides,no,good,good,0,none
REF_0293,generated_prototype,v_shape,natural,artificial,yes,no,slow,clear_transparent,no,no,no,no,none,both_sides,no,good,good,0,none
REF_0294,generated_prototype,flat,natural,natural,yes,no,slow,clear_transparent,yes,no,no,no,both_sides,one_side,no,moderate,moderate,0,none
REF_0295,generated_prototype,v_shape,natural,artificial,yes,yes,slow,altered_color,yes,yes,yes,no,one_side,none,no,poor,poor,0,none
REF_0297,generated_prototype,u_shape,unsure,artificial,yes,no,slow,clear_transparent,no,no,no,no,one_side,both_sides,no,moderate,moderate,0,none
REF_0299,generated_prototype,v_shape,natural,laid_stones,no,yes,unsure,has_foam,no,no,no,no,one_side,both_sides,yes,moderate,moderate,0,none
REF_0300,generated_prototype,v_shape,natural,natural,yes,yes,unsure,clear_transparent,no,no,no,no,one_side,both_sides,no,good,good,0,none
REF_0302,generated_prototype,v_shape,artificial,artificial,yes,yes,dry,muddy_turbid,yes,no,no,no,none,one_side,yes,moderate,moderate,0,none
REF_0303,generated_prototype,u_shape,natural,natural,yes,no,slow,clear_transparent,no,no,no,no,none,both_sides,no,good,good,0,none
REF_0304,generated_prototype,v_shape,natural,natural,no,no,stagnant_intermittent,unsure,no,no,no,no,one_side,one_side,no,moderate,moderate,0,none
REF_0305,generated_prototype,flat,natural,artificial,no,no,slow,clear_transparent,no,yes,no,yes,one_side,both_sides,no,moderate,moderate,0,none
REF_0306,generated_prototype,flat,natural,natural,yes,yes,fast,clear_transparent,no,no,no,no,none,both_sides,no,good,good,0,none
REF_0308,generated_prototype,u_shape,natural,natural,yes,yes,slow,clear_transparent,unsure,no,no,no,none,both_sides,no,good,good,0,none
REF_0314,generated_prototype,unsure,natural,natural,yes,yes,slow,clear_transparent,no,no,no,no,none,one_side,no,good,good,0,none
REF_0315,generated_prototype,u_shape,natural,natural,yes,yes,slow,clear_transparent,no,no,no,no,none,both_sides,no,good,good,0,none
REF_0316,generated_prototype,unsure,natural,laid_stones,yes,no,slow,has_foam,no,yes,yes,yes,one_side,one_side,unsure,poor,poor,0,none
REF_0317,generated_prototype,unsure,natural,natural,yes,yes,fast,clear_transparent,no,no,no,no,none,both_sides,no,good,good,0,none
REF_0322,generated_prototype,flat,natural,natural,yes,yes,fast,clear_transparent,no,no,no,no,none,both_sides,no,good,good,0,none
REF_0323,generated_prototype,flat,natural,artificial,no,no,slow,clear_transparent,no,yes,no,no,one_side,both_sides,no,moderate,moderate,0,none
REF_0324,generated_prototype,flat,natural,natural,yes,yes,fast,clear_transparent,no,no,no,no,none,both_sides,no,good,good,0,none
REF_0326,generated_prototype,u_shape,natural,natural,yes,no,slow,clear_transparent,no,no,no,no,none,unsure,no,good,good,0,none
REF_0327,generated_prototype,flat,artificial,unsure,yes,yes,fast,muddy_turbid,no,no,no,no,one_side,both_sides,no,moderate,moderate,0,none
REF_0328,generated_prototype,u_shape,natural,natural,yes,no,fast,clear_transparent,no,unsure,no,no,none,one_side,no,good,good,0,none
REF_0329,generated_prototype,flat,natural,natural,yes,yes,dry,clear_transparent,yes,no,yes,no,none,unsure,no,moderate,moderate,0,none
REF_0330,generated_prototype,v_shape,artificial,laid_stones,yes,no,stagnant_intermittent,clear_transparent,unsure,no,no,no,one_side,both_sides,unsure,moderate,moderate,0,none
REF_0332,generated_prototype,v_shape,artificial,artificial,no,no,unsure,muddy_turbid,no,yes,yes,unsure,one_side,unsure,no,poor,poor,0,none
REF_0333,generated_prototype,u_shape,natural,natural,yes,yes,fast,clear_transparent,no,no,no,no,unsure,both_sides,no,good,good,0,none
REF_0337,generated_prototype,u_shape,natural,natural,yes,yes,slow,clear_transparent,yes,no,no,yes,none,one_side,no,moderate,moderate,0,none
REF_0338,generated_prototype,unsure,natural,natural,yes,no,slow,clear_transparent,no,no,no,no,one_side,both_sides,no,good,good,0,none
REF_0340,generated_prototype,u_shape,natural,natural,yes,no,fast,clear_transparent,no,no,no,yes,none,both_sides,yes,moderate,moderate,0,none
REF_0341,generated_prototype,flat,natural,natural,yes,yes,stagnant_intermittent,clear_transparent,no,no,no,no,none,both_sides,no,good,good,0,none
REF_0343,generated_prototype,u_shape,natural,laid_stones,no,yes,stagnant_intermittent,altered_color,yes,yes,yes,yes,both_sides,one_side,unsure,poor,poor,0,none
REF_0344,generated_prototype,u_shape,natural,natural,yes,yes,fast,clear_transparent,no,no,no,no,none,both_sides,no,good,good,0,none
REF_0346,generated_prototype,flat,natural,unsure,yes,yes,slow,clear_transparent,no,no,no,no,none,both_sides,yes,moderate,moderate,0,none
REF_0348,generated_prototype,u_shape,natural,natural,yes,yes,slow,clear_transparent,unsure,no,no,no,none,both_sides,unsure,good,good,0,none
REF_0350,generated_prototype,flat,natural,natural,yes,yes,dry,clear_transparent,no,no,no,no,none,both_sides,no,good,good,0,none
REF_0351,generated_prototype,v_shape,natural,natural,yes,yes,stagnant_intermittent,clear_transparent,no,no,no,no,none,both_sides,no,good,good,0,none
REF_0352,generated_prototype,v_shape,natural,artificial,yes,no,slow,clear_transparent,no,no,no,no,none,both_sides,no,good,good,0,none
REF_0353,generated_prototype,u_shape,natural,laid_stones,yes,no,slow,clear_transparent,no,no,no,no,both_sides,one_side,no,moderate,moderate,0,none
REF_0355,generated_prototype,flat,artificial,laid_stones,no,yes,fast,clear_transparent,no,no,unsure,no,one_side,one_side,yes,moderate,moderate,0,none
REF_0358,generated_prototype,flat,natural,natural,yes,yes,fast,clear_transparent,no,no,no,no,none,one_side,no,good,good,0,none
REF_0359,generated_prototype,u_shape,natural,natural,no,yes,dry,muddy_turbid,no,no,no,no,none,both_sides,yes,moderate,moderate,0,none
REF_0361,generated_prototype,u_shape,natural,natural,yes,no,slow,clear_transparent,no,no,no,no,none,both_sides,no,good,good,0,none
REF_0362,generated_prototype,flat,artificial,artificial,yes,no,stagnant_intermittent,has_foam,yes,yes,yes,no,both_sides,one_side,no,poor,poor,0,none
REF_0365,generated_prototype,v_shape,natural,natural,yes,yes,unsure,clear_transparent,no,no,no,no,none,both_sides,no,good,good,0,none
REF_0366,generated_prototype,unsure,natural,artificial,no,no,dry,muddy_turbid,no,unsure,no,yes,one_side,none,yes,poor,poor,0,none
REF_0368,generated_prototype,unsure,natural,natural,yes,no,slow,muddy_turbid,no,no,no,unsure,none,one_side,no,moderate,moderate,0,none
REF_0369,generated_prototype,flat,natural,natural,yes,no,fast,clear_transparent,no,no,no,no,none,both_sides,no,good,good,0,none
REF_0370,generated_prototype,flat,natural,natural,no,no,dry,clear_transparent,yes,yes,no,no,none,none,yes,poor,poor,0,none
REF_0371,generated_prototype,v_shape,artificial,artificial,yes,no,fast,clear_transparent,no,no,unsure,no,both_sides,both_sides,no,moderate,moderate,0,none
REF_0372,generated_prototype,flat,natural,artificial,no,yes,unsure,muddy_turbid,unsure,yes,yes,no,one_side,one_side,yes,poor,poor,0,none
REF_0374,generated_prototype,u_shape,natural,natural,yes,no,fast,clear_transparent,no,no,no,no,none,one_side,no,good,good,0,none
REF_0375,generated_prototype,flat,natural,artificial,no,yes,dry,altered_color,no,yes,no,yes,one_side,none,no,poor,poor,0,none
REF_0377,generated_prototype,unsure,artificial,natural,yes,no,slow,clear_transparent,yes,no,no,no,none,one_side,no,moderate,moderate,0,none
REF_0378,generated_prototype,flat,natural,natural,yes,yes,dry,clear_transparent,no,no,no,no,none,both_sides,no,good,good,0,none
REF_0380,generated_prototype,flat,natural,natural,yes,yes,slow,clear_transparent,no,no,no,no,one_side,one_side,no,good,good,0,none
REF_0382,generated_prototype,v_shape,natural,natural,yes,yes,fast,clear_transparent,no,no,no,no,one_side,both_sides,no,good,good,0,none
REF_0383,generated_prototype,unsure,natural,natural,yes,yes,fast,clear_transparent,no,no,no,no,none,one_side,no,good,good,0,none
REF_0384,generated_prototype,flat,natural,natural,yes,yes,unsure,clear_transparent,no,no,unsure,no,none,both_sides,no,good,good,0,none
REF_0386,generated_prototype,u_shape,artificial,artificial,no,no,stagnant_intermittent,muddy_turbid,no,unsure,no,yes,both_sides,one_side,yes,poor,poor,0,none
REF_0387,generated_prototype,u_shape,natural,laid_stones,yes,yes,slow,clear_transparent,no,no,no,no,none,both_sides,no,good,good,0,none
REF_0390,generated_prototype,u_shape,natural,natural,yes,yes,slow,clear_transparent,no,unsure,no,no,none,both_sides,no,good,good,0,none
REF_0391,generated_prototype,v_shape,natural,laid_stones,no,no,stagnant_intermittent,clear_transparent,yes,no,no,no,none,both_sides,unsure,moderate,moderate,0,none
REF_0392,generated_prototype,v_shape,artificial,natural,no,no,slow,muddy_turbid,yes,no,no,yes,unsure,both_sides,no,moderate,moderate,0,none
REF_0393,generated_prototype,flat,natural,natural,yes,yes,fast,clear_transparent,no,no,no,no,none,both_sides,no,good,good,0,none
REF_0394,generated_prototype,u_shape,natural,laid_stones,no,no,fast,clear_transparent,no,no,no,no,one_side,both_sides,no,moderate,moderate,0,none
REF_0395,generated_prototype,flat,natural,natural,yes,yes,dry,has_foam,no,no,no,no,none,both_sides,no,moderate,moderate,0,none
REF_0396,generated_prototype,u_shape,unsure,natural,no,no,dry,has_foam,unsure,no,no,no,one_side,both_sides,unsure,moderate,moderate,0,none
REF_0397,generated_prototype,u_shape,artificial,natural,yes,no,stagnant_intermittent,clear_transparent,no,no,no,no,both_sides,both_sides,unsure,moderate,moderate,0,none
REF_0398,generated_prototype,u_shape,artificial,artificial,yes,no,dry,muddy_turbid,no,yes,unsure,no,none,none,unsure,poor,poor,0,none
REF_0401,generated_prototype,v_shape,natural,natural,yes,yes,slow,clear_transparent,no,no,no,yes,one_side,both_sides,no,moderate,moderate,0,none
REF_0402,generated_prototype,u_shape,natural,artificial,no,yes,stagnant_intermittent,clear_transparent,yes,no,no,no,one_side,one_side,no,moderate,moderate,0,none
REF_0405,generated_prototype,flat,natural,natural,yes,no,slow,clear_transparent,no,unsure,no,no,none,both_sides,yes,good,good,0,none
REF_0406,generated_prototype,u_shape,natural,natural,yes,no,stagnant_intermittent,muddy_turbid,no,no,no,no,none,both_sides,no,good,good,0,none
REF_0407,generated_prototype,u_shape,natural,laid_stones,yes,yes,stagnant_intermittent,clear_transparent,no,unsure,no,yes,unsure,both_sides,yes,moderate,moderate,0,none
REF_0408,generated_prototype,u_shape,artificial,artificial,no,no,stagnant_intermittent,altered_color,no,yes,no,no,both_sides,one_side,yes,poor,poor,0,none
REF_0409,generated_prototype,u_shape,natural,natural,yes,no,stagnant_intermittent,clear_transparent,no,no,no,no,none,both_sides,no,good,good,0,none
REF_0410,generated_prototype,flat,natural,natural,yes,yes,slow,clear_transparent,no,no,no,no,none,one_side,no,good,good,0,none
REF_0411,generated_prototype,u_shape,natural,natural,yes,yes,slow,clear_transparent,no,no,no,no,none,both_sides,no,good,good,0,none
REF_0412,generated_prototype,u_shape,artificial,artificial,no,no,dry,altered_color,yes,yes,yes,unsure,both_sides,none,unsure,poor,poor,0,none
REF_0413,generated_prototype,flat,natural,natural,yes,yes,dry,has_foam,no,no,no,yes,one_side,one_side,no,moderate,moderate,0,none
REF_0416,generated_prototype,flat,natural,natural,yes,no,fast,clear_transparent,no,no,no,no,none,both_sides,no,good,good,0,none
REF_0419,generated_prototype,u_shape,natural,natural,yes,yes,slow,clear_transparent,no,no,no,no,none,both_sides,no,good,good,0,none
REF_0420,generated_prototype,v_shape,unsure,laid_stones,yes,no,stagnant_intermittent,clear_transparent,no,no,yes,no,one_side,both_sides,no,moderate,moderate,0,none
REF_0423,generated_prototype,u_shape,artificial,natural,no,yes,slow,muddy_turbid,no,no,yes,yes,both_sides,none,yes,poor,poor,0,none
REF_0424,generated_prototype,v_shape,artificial,natural,no,yes,stagnant_intermittent,altered_color,no,yes,unsure,yes,none,none,unsure,poor,poor,0,none
REF_0425,generated_prototype,flat,artificial,laid_stones,no,no,stagnant_intermittent,altered_color,yes,yes,yes,yes,both_sides,none,no,poor,poor,0,none
REF_0428,generated_prototype,flat,natural,artificial,yes,no,slow,clear_transparent,yes,no,no,no,one_side,both_sides,yes,moderate,moderate,0,none
REF_0429,generated_prototype,u_shape,natural,natural,yes,yes,slow,clear_transparent,no,no,no,no,none,both_sides,no,good,good,0,none
REF_0431,generated_prototype,u_shape,natural,unsure,yes,yes,slow,clear_transparent,no,no,no,no,one_side,both_sides,no,good,good,0,none
REF_0433,generated_prototype,v_shape,natural,laid_stones,yes,no,fast,clear_transparent,no,no,no,no,unsure,both_sides,no,good,good,0,none
REF_0434,generated_prototype,flat,natural,laid_stones,yes,yes,slow,clear_transparent,no,no,no,unsure,none,both_sides,no,good,good,0,none
REF_0436,generated_prototype,u_shape,natural,natural,yes,yes,slow,clear_transparent,no,no,no,no,none,both_sides,no,good,good,0,none
REF_0437,generated_prototype,u_shape,artificial,unsure,no,no,slow,muddy_turbid,no,yes,no,no,one_side,one_side,no,moderate,moderate,0,none
REF_0439,generated_prototype,v_shape,natural,laid_stones,yes,yes,slow,clear_transparent,unsure,no,no,no,one_side,both_sides,no,moderate,moderate,0,none
REF_0440,generated_prototype,flat,artificial,artificial,no,yes,dry,muddy_turbid,unsure,yes,yes,unsure,both_sides,none,yes,poor,poor,0,none
REF_0441,generated_prototype,u_shape,natural,laid_stones,yes,yes,slow,unsure,no,no,no,no,unsure,both_sides,no,good,good,0,none
REF_0442,generated_prototype,v_shape,natural,laid_stones,yes,no,stagnant_intermittent,clear_transparent,yes,no,unsure,unsure,none,one_side,no,moderate,moderate,0,none
REF_0443,generated_prototype,flat,natural,natural,yes,yes,fast,clear_transparent,no,no,no,no,one_side,both_sides,no,good,good,0,none
REF_0444,generated_prototype,u_shape,natural,artificial,yes,yes,stagnant_intermittent,muddy_turbid,yes,no,no,no,none,one_side,no,moderate,moderate,0,none
REF_0446,generated_prototype,u_shape,unsure,natural,no,no,stagnant_intermittent,clear_transparent,yes,yes,no,no,one_side,none,yes,poor,poor,0,none
REF_0447,generated_prototype,u_shape,natural,laid_stones,no,no,fast,clear_transparent,unsure,no,no,no,none,both_sides,no,moderate,moderate,0,none
REF_0450,generated_prototype,u_shape,natural,natural,no,yes,slow,muddy_turbid,yes,no,no,no,none,unsure,no,moderate,moderate,0,none
REF_0451,generated_prototype,u_shape,artificial,artificial,no,no,stagnant_intermittent,altered_color,yes,yes,yes,no,one_side,none,yes,poor,poor,0,none
REF_0452,generated_prototype,flat,natural,artificial,no,no,stagnant_intermittent,clear_transparent,no,no,no,unsure,none,one_side,no,moderate,moderate,0,none
REF_0453,generated_prototype,flat,natural,natural,yes,yes,slow,clear_transparent,no,no,unsure,no,none,both_sides,no,good,good,0,none
REF_0454,generated_prototype,unsure,natural,natural,yes,yes,fast,muddy_turbid,yes,no,no,no,none,both_sides,no,good,good,0,none
REF_0455,generated_prototype,u_shape,artificial,artificial,no,no,dry,muddy_turbid,yes,yes,yes,unsure,both_sides,none,unsure,poor,poor,0,none
REF_0458,generated_prototype,u_shape,natural,natural,yes,yes,slow,clear_transparent,no,no,no,no,none,both_sides,no,good,good,0,none
REF_0459,generated_prototype,v_shape,natural,natural,yes,yes,slow,clear_transparent,no,no,no,no,none,both_sides,no,good,good,0,none
REF_0460,generated_prototype,v_shape,natural,natural,yes,yes,unsure,altered_color,unsure,unsure,no,no,both_sides,both_sides,no,moderate,moderate,0,none
REF_0461,generated_prototype,v_shape,natural,natural,yes,no,slow,clear_transparent,no,no,no,no,unsure,one_side,no,good,good,0,none
REF_0463,generated_prototype,v_shape,artificial,natural,no,yes,slow,unsure,no,unsure,no,no,none,both_sides,unsure,moderate,moderate,0,none
REF_0468,generated_prototype,v_shape,natural,natural,yes,yes,slow,clear_transparent,no,no,no,no,none,both_sides,no,good,good,0,none
REF_0470,generated_prototype,flat,natural,artificial,yes,yes,stagnant_intermittent,clear_transparent,no,no,no,no,both_sides,one_side,no,moderate,moderate,0,none
REF_0471,generated_prototype,u_shape,natural,natural,yes,yes,fast,unsure,no,no,no,unsure,none,both_sides,no,good,good,0,none
REF_0472,generated_prototype,u_shape,artificial,laid_stones,no,no,stagnant_intermittent,clear_transparent,yes,yes,yes,no,one_side,both_sides,yes,poor,poor,0,none
REF_0473,generated_prototype,flat,natural,natural,yes,yes,dry,clear_transparent,no,no,no,no,none,both_sides,no,good,good,0,none
REF_0474,generated_prototype,u_shape,natural,natural,yes,yes,fast,clear_transparent,no,no,no,no,none,both_sides,no,good,good,0,none
REF_0475,generated_prototype,flat,natural,natural,yes,yes,slow,clear_transparent,no,no,no,no,one_side,one_side,no,good,good,0,none
REF_0476,generated_prototype,flat,natural,natural,yes,no,fast,clear_transparent,no,no,no,no,none,both_sides,no,good,good,0,none
REF_0477,generated_prototype,u_shape,natural,natural,yes,yes,fast,muddy_turbid,no,no,no,no,none,both_sides,no,good,good,0,none
REF_0478,generated_prototype,v_shape,artificial,natural,yes,no,dry,muddy_turbid,yes,no,no,yes,one_side,one_side,yes,moderate,moderate,0,none
REF_0479,generated_prototype,u_shape,artificial,natural,yes,no,stagnant_intermittent,altered_color,yes,no,yes,no,none,none,yes,poor,poor,0,none
REF_0480,generated_prototype,u_shape,unsure,artificial,yes,no,dry,clear_transparent,no,no,yes,no,one_side,both_sides,no,poor,poor,0,none
REF_0481,generated_prototype,v_shape,natural,laid_stones,yes,no,stagnant_intermittent,clear_transparent,no,no,no,no,one_side,one_side,no,moderate,moderate,0,none
REF_0482,generated_prototype,u_shape,natural,laid_stones,yes,yes,slow,clear_transparent,no,no,no,no,none,both_sides,no,good,good,0,none
REF_0483,generated_prototype,unsure,artificial,laid_stones,yes,yes,slow,clear_transparent,yes,no,unsure,no,one_side,both_sides,yes,moderate,moderate,0,none
REF_0487,generated_prototype,u_shape,natural,natural,yes,yes,fast,clear_transparent,no,no,no,no,none,both_sides,no,good,good,0,none
REF_0490,generated_prototype,flat,natural,natural,yes,yes,slow,clear_transparent,no,no,no,no,none,one_side,no,good,good,0,none
REF_0491,generated_prototype,v_shape,natural,natural,yes,yes,slow,clear_transparent,no,no,no,no,none,both_sides,no,good,good,0,none
REF_0492,generated_prototype,unsure,natural,artificial,yes,no,stagnant_intermittent,clear_transparent,no,no,no,no,both_sides,both_sides,yes,moderate,moderate,0,none
REF_0493,generated_prototype,flat,natural,natural,yes,no,fast,clear_transparent,yes,no,no,no,none,unsure,no,moderate,moderate,0,none
REF_0494,generated_prototype,v_shape,artificial,artificial,no,no,slow,muddy_turbid,yes,unsure,yes,yes,both_sides,none,yes,poor,poor,0,none
REF_0495,generated_prototype,flat,artificial,natural,yes,yes,stagnant_intermittent,muddy_turbid,yes,yes,no,yes,none,none,no,poor,poor,0,none
REF_0496,generated_prototype,flat,natural,natural,yes,yes,slow,clear_transparent,no,no,no,no,none,unsure,unsure,good,good,0,none
REF_0497,generated_prototype,u_shape,natural,natural,yes,yes,stagnant_intermittent,clear_transparent,no,no,no,no,none,both_sides,no,good,good,0,none
REF_0498,generated_prototype,u_shape,artificial,laid_stones,no,no,stagnant_intermittent,muddy_turbid,no,yes,no,unsure,both_sides,none,no,poor,poor,0,none
REF_0500,generated_prototype,u_shape,natural,natural,no,yes,fast,muddy_turbid,yes,yes,no,no,none,both_sides,no,moderate,moderate,0,none
REF_0501,generated_prototype,flat,natural,natural,yes,yes,slow,clear_transparent,no,no,no,no,none,one_side,no,moderate,moderate,0,none
REF_0502,generated_prototype,v_shape,natural,natural,yes,yes,unsure,clear_transparent,no,no,no,no,one_side,both_sides,no,good,good,0,none
REF_0503,generated_prototype,u_shape,natural,natural,yes,yes,slow,muddy_turbid,no,no,no,no,none,both_sides,no,good,good,0,none
REF_0504,generated_prototype,flat,natural,artificial,yes,no,fast,muddy_turbid,no,no,no,yes,both_sides,unsure,yes,moderate,moderate,0,none
REF_0505,generated_prototype,v_shape,artificial,artificial,no,no,fast,unsure,no,no,yes,no,one_side,one_side,no,moderate,moderate,0,none
REF_0506,generated_prototype,flat,natural,natural,yes,no,unsure,clear_transparent,no,unsure,no,no,one_side,both_sides,no,moderate,moderate,0,none
REF_0508,generated_prototype,flat,natural,laid_stones,yes,no,slow,clear_transparent,no,no,no,no,none,one_side,no,good,good,0,none
REF_0509,generated_prototype,flat,natural,laid_stones,no,no,slow,muddy_turbid,yes,no,no,unsure,both_sides,one_side,yes,moderate,moderate,0,none
REF_0510,generated_prototype,v_shape,natural,natural,no,yes,slow,muddy_turbid,unsure,yes,no,no,none,both_sides,no,moderate,moderate,0,none
REF_0511,generated_prototype,v_shape,artificial,artificial,no,yes,stagnant_intermittent,clear_transparent,yes,no,no,no,none,one_side,yes,moderate,moderate,0,none
REF_0512,generated_prototype,v_shape,natural,natural,yes,yes,fast,clear_transparent,no,no,no,no,one_side,both_sides,no,good,good,0,none
REF_0513,generated_prototype,u_shape,natural,natural,yes,yes,slow,clear_transparent,no,no,no,no,none,both_sides,no,good,good,0,none
REF_0514,generated_prototype,v_shape,natural,natural,yes,yes,fast,muddy_turbid,no,no,no,no,none,both_sides,no,good,good,0,none
REF_0516,generated_prototype,flat,natural,natural,yes,yes,fast,clear_transparent,no,no,no,no,one_side,both_sides,no,good,good,0,none
REF_0517,generated_prototype,v_shape,artificial,artificial,no,yes,dry,clear_transparent,yes,yes,yes,yes,both_sides,one_side,yes,poor,poor,0,none
REF_0518,generated_prototype,u_shape,natural,artificial,yes,no,slow,clear_transparent,yes,yes,unsure,unsure,none,both_sides,no,moderate,moderate,0,none
REF_0520,generated_prototype,flat,artificial,natural,yes,no,fast,clear_transparent,no,no,no,no,one_side,one_side,yes,moderate,moderate,0,none
REF_0521,generated_prototype,flat,natural,unsure,yes,yes,stagnant_intermittent,clear_transparent,no,no,no,no,none,both_sides,no,good,good,0,none
REF_0525,generated_prototype,v_shape,natural,natural,yes,no,slow,clear_transparent,no,no,no,no,unsure,both_sides,yes,good,good,0,none
REF_0527,generated_prototype,u_shape,artificial,artificial,yes,no,stagnant_intermittent,muddy_turbid,no,yes,yes,yes,both_sides,one_side,unsure,poor,poor,0,none
REF_0528,generated_prototype,u_shape,natural,natural,yes,yes,slow,clear_transparent,yes,no,no,no,none,both_sides,no,good,good,0,none
REF_0529,generated_prototype,u_shape,natural,natural,yes,yes,slow,muddy_turbid,no,unsure,no,no,none,both_sides,no,good,good,0,none
REF_0530,generated_prototype,u_shape,natural,natural,yes,yes,fast,clear_transparent,no,no,no,no,none,one_side,no,good,good,0,none
REF_0531,generated_prototype,flat,natural,natural,no,yes,slow,clear_transparent,no,no,no,no,none,one_side,no,good,good,0,none
REF_0533,generated_prototype,v_shape,unsure,artificial,no,no,stagnant_intermittent,has_foam,yes,yes,yes,yes,one_side,none,no,poor,poor,0,none
REF_0534,generated_prototype,v_shape,artificial,laid_stones,yes,no,stagnant_intermittent,muddy_turbid,yes,yes,yes,yes,one_side,none,yes,poor,poor,0,none
REF_0535,generated_prototype,u_shape,artificial,artificial,no,no,dry,muddy_turbid,unsure,no,yes,yes,one_side,none,yes,poor,poor,0,none
REF_0537,generated_prototype,u_shape,natural,natural,yes,yes,slow,clear_transparent,no,yes,no,no,one_side,both_sides,yes,moderate,moderate,0,none
REF_0538,generated_prototype,flat,artificial,artificial,no,no,dry,altered_color,unsure,yes,yes,yes,one_side,none,yes,poor,poor,0,none
REF_0539,generated_prototype,flat,natural,laid_stones,yes,no,stagnant_intermittent,clear_transparent,no,no,no,no,one_side,both_sides,no,good,good,0,none
REF_0540,generated_prototype,flat,natural,natural,yes,yes,slow,clear_transparent,unsure,no,no,no,one_side,both_sides,no,good,good,0,none
REF_0542,generated_prototype,u_shape,natural,natural,yes,yes,stagnant_intermittent,clear_transparent,no,no,no,no,none,both_sides,no,good,good,0,none
REF_0544,generated_prototype,flat,artificial,artificial,no,no,stagnant_intermittent,has_foam,yes,no,yes,yes,both_sides,one_side,yes,poor,poor,0,none
REF_0545,generated_prototype,flat,natural,natural,yes,yes,slow,clear_transparent,no,no,no,unsure,none,both_sides,no,good,good,0,none
REF_0546,generated_prototype,u_shape,unsure,natural,yes,yes,slow,clear_transparent,no,no,no,no,unsure,both_sides,no,good,good,0,none
REF_0548,generated_prototype,unsure,natural,natural,yes,yes,fast,clear_transparent,no,no,no,no,none,both_sides,no,good,good,0,none
REF_0549,generated_prototype,v_shape,artificial,laid_stones,yes,yes,slow,clear_transparent,unsure,no,no,no,one_side,both_sides,no,moderate,moderate,0,none
REF_0550,generated_prototype,u_shape,natural,natural,yes,yes,slow,clear_transparent,yes,no,no,no,none,both_sides,no,good,good,0,none
REF_0553,generated_prototype,flat,natural,natural,yes,yes,fast,clear_transparent,no,no,no,no,none,one_side,no,good,good,0,none
REF_0554,generated_prototype,flat,artificial,artificial,yes,no,stagnant_intermittent,muddy_turbid,no,unsure,yes,no,one_side,none,yes,poor,poor,0,none
REF_0556,generated_prototype,flat,artificial,artificial,no,no,stagnant_intermittent,has_foam,yes,unsure,yes,yes,one_side,both_sides,no,poor,poor,0,none
REF_0557,generated_prototype,v_shape,natural,laid_stones,yes,yes,stagnant_intermittent,clear_transparent,no,unsure,no,yes,one_side,one_side,no,moderate,moderate,0,none
REF_0559,generated_prototype,u_shape,natural,laid_stones,no,no,unsure,altered_color,yes,no,no,no,none,unsure,no,moderate,moderate,0,none
REF_0560,generated_prototype,u_shape,natural,natural,yes,yes,fast,clear_transparent,no,unsure,no,no,unsure,both_sides,no,good,good,0,none
REF_0561,generated_prototype,u_shape,natural,natural,yes,yes,slow,clear_transparent,no,no,no,no,none,both_sides,no,good,good,0,none
REF_0562,generated_prototype,u_shape,natural,unsure,yes,yes,slow,clear_transparent,no,no,no,no,none,both_sides,no,good,good,0,none
REF_0564,generated_prototype,v_shape,artificial,laid_stones,yes,yes,fast,clear_transparent,no,no,no,yes,both_sides,one_side,no,moderate,moderate,0,none
REF_0565,generated_prototype,u_shape,natural,natural,yes,no,slow,clear_transparent,no,no,no,unsure,one_side,both_sides,yes,moderate,moderate,0,none
REF_0566,generated_prototype,v_shape,natural,laid_stones,yes,no,slow,altered_color,yes,yes,yes,no,one_side,none,yes,poor,poor,0,none
REF_0569,generated_prototype,v_shape,artificial,laid_stones,no,no,stagnant_intermittent,muddy_turbid,no,yes,yes,no,one_side,none,yes,poor,poor,0,none
REF_0570,generated_prototype,u_shape,artificial,natural,yes,no,fast,clear_transparent,yes,no,no,no,unsure,none,no,moderate,moderate,0,none
REF_0571,generated_prototype,flat,artificial,laid_stones,no,yes,dry,muddy_turbid,no,yes,no,no,one_side,one_side,no,moderate,moderate,0,none
REF_0573,generated_prototype,flat,natural,natural,yes,yes,fast,clear_transparent,no,no,no,no,none,both_sides,no,good,good,0,none
REF_0575,generated_prototype,v_shape,natural,natural,yes,yes,slow,clear_transparent,no,no,no,no,one_side,both_sides,no,good,good,0,none
REF_0576,generated_prototype,v_shape,natural,laid_stones,no,yes,slow,clear_transparent,yes,no,no,no,none,both_sides,no,moderate,moderate,0,none
REF_0578,generated_prototype,v_shape,natural,natural,yes,yes,slow,muddy_turbid,no,no,no,no,none,both_sides,no,good,good,0,none
REF_0579,generated_prototype,flat,natural,natural,yes,no,fast,clear_transparent,no,unsure,no,no,none,both_sides,no,good,good,0,none
REF_0581,generated_prototype,flat,natural,natural,yes,no,fast,muddy_turbid,no,no,no,no,none,both_sides,yes,good,good,0,none
REF_0582,generated_prototype,u_shape,natural,natural,yes,no,slow,clear_transparent,yes,no,no,no,one_side,both_sides,no,good,good,0,none
REF_0584,generated_prototype,v_shape,natural,natural,yes,yes,fast,unsure,yes,no,no,no,none,one_side,no,moderate,moderate,0,none
REF_0585,generated_prototype,u_shape,natural,natural,yes,no,stagnant_intermittent,clear_transparent,no,no,no,no,none,none,no,moderate,moderate,0,none
REF_0587,generated_prototype,flat,artificial,laid_stones,no,no,unsure,muddy_turbid,unsure,unsure,no,no,one_side,one_side,no,moderate,moderate,0,none
REF_0588,generated_prototype,u_shape,artificial,artificial,yes,no,stagnant_intermittent,clear_transparent,unsure,no,no,no,one_side,one_side,no,moderate,moderate,0,none
REF_0589,generated_prototype,u_shape,artificial,artificial,no,no,stagnant_intermittent,muddy_turbid,no,yes,no,yes,one_side,none,no,poor,poor,0,none
REF_0590,generated_prototype,v_shape,natural,natural,yes,yes,fast,clear_transparent,no,no,no,no,one_side,both_sides,no,good,good,0,none
REF_0591,generated_prototype,flat,artificial,artificial,yes,no,fast,has_foam,unsure,yes,unsure,yes,one_side,none,no,poor,poor,0,none
REF_0592,generated_prototype,flat,natural,natural,yes,no,fast,clear_transparent,no,no,no,no,none,unsure,no,good,good,0,none
REF_0594,generated_prototype,u_shape,unsure,natural,yes,yes,slow,clear_transparent,no,no,no,no,none,both_sides,no,good,good,0,none
REF_0595,generated_prototype,flat,natural,natural,yes,yes,fast,clear_transparent,no,no,no,no,one_side,both_sides,no,good,good,0,none
REF_0596,generated_prototype,v_shape,artificial,laid_stones,no,yes,fast,muddy_turbid,no,no,no,unsure,one_side,one_side,yes,moderate,moderate,0,none
REF_0597,generated_prototype,unsure,natural,natural,yes,no,slow,clear_transparent,no,no,no,yes,none,both_sides,no,good,good,0,none
REF_0598,generated_prototype,u_shape,artificial,artificial,no,no,stagnant_intermittent,muddy_turbid,no,no,unsure,yes,both_sides,none,no,poor,poor,0,none
REF_0599,generated_prototype,v_shape,artificial,artificial,no,no,slow,has_foam,no,yes,no,yes,one_side,one_side,yes,poor,poor,0,none
REF_0600,generated_prototype,u_shape,artificial,artificial,yes,no,fast,muddy_turbid,no,no,no,no,none,one_side,yes,moderate,moderate,0,none
REF_0601,generated_prototype,flat,artificial,natural,no,yes,slow,clear_transparent,no,no,no,no,none,both_sides,unsure,moderate,moderate,0,none
REF_0602,generated_prototype,u_shape,natural,natural,yes,yes,slow,clear_transparent,yes,no,no,no,one_side,one_side,no,moderate,moderate,0,none
REF_0603,generated_prototype,u_shape,natural,natural,yes,yes,fast,clear_transparent,no,no,no,no,none,both_sides,no,good,good,0,none
REF_0604,generated_prototype,flat,natural,laid_stones,yes,no,stagnant_intermittent,clear_transparent,yes,no,no,no,none,one_side,no,moderate,moderate,0,none
REF_0608,generated_prototype,v_shape,natural,natural,yes,no,slow,clear_transparent,no,no,yes,no,none,both_sides,no,moderate,moderate,0,none
REF_0610,generated_prototype,u_shape,natural,natural,yes,yes,slow,clear_transparent,no,no,no,no,none,both_sides,no,good,good,0,none
REF_0612,generated_prototype,flat,natural,natural,yes,yes,slow,clear_transparent,no,no,unsure,no,none,both_sides,no,good,good,0,none
REF_0615,generated_prototype,u_shape,natural,artificial,no,no,slow,muddy_turbid,no,no,no,no,one_side,unsure,unsure,moderate,moderate,0,none
REF_0617,generated_prototype,u_shape,natural,natural,no,yes,fast,has_foam,yes,yes,yes,yes,both_sides,one_side,yes,poor,poor,0,none
REF_0619,generated_prototype,u_shape,unsure,natural,yes,yes,slow,clear_transparent,no,no,no,no,none,both_sides,no,good,good,0,none
REF_0620,generated_prototype,u_shape,natural,artificial,no,yes,slow,altered_color,yes,no,yes,no,both_sides,one_side,no,poor,poor,0,none
REF_0622,generated_prototype,flat,natural,unsure,no,yes,slow,clear_transparent,yes,unsure,no,no,one_side,both_sides,no,moderate,moderate,0,none
REF_0623,generated_prototype,flat,artificial,artificial,no,no,dry,muddy_turbid,yes,no,yes,no,both_sides,one_side,yes,poor,poor,0,none
REF_0625,generated_prototype,flat,artificial,artificial,yes,yes,slow,altered_color,no,no,unsure,no,none,both_sides,no,moderate,moderate,0,none
REF_0626,generated_prototype,flat,artificial,artificial,yes,no,slow,clear_transparent,no,yes,yes,no,one_side,none,yes,poor,poor,0,none
REF_0628,generated_prototype,u_shape,artificial,artificial,yes,no,slow,muddy_turbid,yes,no,no,no,one_side,one_side,no,moderate,moderate,0,none
REF_0629,generated_prototype,flat,natural,natural,yes,no,dry,clear_transparent,no,no,no,no,one_side,one_side,no,good,good,0,none
REF_0630,generated_prototype,v_shape,artificial,artificial,no,yes,stagnant_intermittent,altered_color,unsure,no,yes,yes,one_side,none,yes,poor,poor,0,none
REF_0631,generated_prototype,u_shape,natural,artificial,yes,yes,slow,muddy_turbid,yes,no,no,no,one_side,both_sides,no,moderate,moderate,0,none
REF_0632,generated_prototype,v_shape,natural,laid_stones,yes,yes,slow,muddy_turbid,unsure,no,no,no,none,one_side,unsure,moderate,moderate,0,none
REF_0633,generated_prototype,flat,natural,laid_stones,yes,yes,stagnant_intermittent,unsure,no,no,no,no,none,both_sides,yes,good,good,0,none
REF_0634,generated_prototype,u_shape,natural,natural,yes,yes,slow,unsure,no,no,unsure,no,none,one_side,no,good,good,0,none
REF_0635,generated_prototype,flat,artificial,laid_stones,yes,yes,dry,muddy_turbid,yes,no,no,yes,both_sides,one_side,yes,poor,poor,0,none
REF_0636,generated_prototype,flat,natural,natural,yes,no,slow,clear_transparent,no,no,no,no,one_side,both_sides,no,good,good,0,none
REF_0638,generated_prototype,v_shape,artificial,natural,yes,no,slow,clear_transparent,yes,no,no,no,none,one_side,no,moderate,moderate,0,none
REF_0639,generated_prototype,unsure,natural,artificial,no,no,stagnant_intermittent,clear_transparent,no,no,no,no,none,both_sides,no,moderate,moderate,0,none
REF_0640,generated_prototype,flat,natural,natural,yes,no,unsure,clear_transparent,unsure,no,no,no,none,one_side,no,moderate,moderate,0,none
REF_0643,generated_prototype,v_shape,natural,natural,yes,yes,slow,clear_transparent,no,no,no,no,none,both_sides,no,good,good,0,none
REF_0644,generated_prototype,flat,natural,natural,yes,yes,fast,clear_transparent,yes,no,no,no,none,both_sides,no,good,good,0,none
REF_0645,generated_prototype,v_shape,natural,artificial,yes,no,fast,clear_transparent,yes,no,no,no,none,both_sides,yes,moderate,moderate,0,none
REF_0646,generated_prototype,u_shape,artificial,laid_stones,yes,yes,stagnant_intermittent,muddy_turbid,yes,yes,yes,unsure,one_side,both_sides,yes,poor,poor,0,none
REF_0651,generated_prototype,v_shape,artificial,laid_stones,no,yes,dry,altered_color,yes,yes,no,yes,one_side,one_side,yes,poor,poor,0,none
REF_0652,generated_prototype,u_shape,natural,natural,yes,yes,fast,clear_transparent,no,no,no,no,none,both_sides,no,good,good,0,none
REF_0654,generated_prototype,u_shape,artificial,natural,yes,no,stagnant_intermittent,muddy_turbid,unsure,no,no,no,unsure,both_sides,no,moderate,moderate,0,none
REF_0655,generated_prototype,v_shape,natural,natural,yes,yes,unsure,clear_transparent,no,no,no,no,none,both_sides,no,good,good,0,none
REF_0656,generated_prototype,u_shape,natural,natural,yes,no,fast,clear_transparent,no,no,no,no,none,both_sides,no,good,good,0,none
REF_0657,generated_prototype,u_shape,natural,natural,no,yes,slow,muddy_turbid,no,no,no,no,one_side,one_side,no,moderate,moderate,0,none
REF_0658,generated_prototype,flat,natural,natural,yes,yes,unsure,muddy_turbid,no,no,yes,no,one_side,one_side,no,moderate,moderate,0,none
REF_0659,generated_prototype,v_shape,artificial,artificial,no,no,slow,clear_transparent,no,no,no,no,one_side,one_side,no,moderate,moderate,0,none
REF_0661,generated_prototype,v_shape,natural,laid_stones,yes,yes,slow,clear_transparent,no,no,no,no,none,one_side,no,moderate,moderate,0,none
REF_0662,generated_prototype,u_shape,natural,natural,yes,yes,slow,clear_transparent,no,no,no,no,none,both_sides,no,good,good,0,none
REF_0665,generated_prototype,u_shape,artificial,artificial,yes,yes,slow,muddy_turbid,no,no,no,no,both_sides,both_sides,no,moderate,moderate,0,none
REF_0666,generated_prototype,v_shape,natural,natural,yes,yes,slow,clear_transparent,unsure,no,no,no,none,both_sides,no,good,good,0,none
REF_0667,generated_prototype,u_shape,natural,artificial,no,no,dry,has_foam,yes,yes,no,yes,both_sides,one_side,yes,poor,poor,0,none
REF_0668,generated_prototype,flat,natural,laid_stones,yes,yes,fast,clear_transparent,no,unsure,no,no,one_side,one_side,yes,moderate,moderate,0,none
REF_0669,generated_prototype,v_shape,artificial,artificial,no,no,stagnant_intermittent,muddy_turbid,no,unsure,yes,unsure,unsure,none,no,poor,poor,0,none
REF_0670,generated_prototype,flat,natural,artificial,yes,yes,slow,clear_transparent,no,no,no,no,one_side,both_sides,yes,moderate,moderate,0,none
REF_0671,generated_prototype,flat,artificial,artificial,no,no,stagnant_intermittent,has_foam,yes,unsure,yes,unsure,none,none,unsure,poor,poor,0,none
REF_0672,generated_prototype,flat,unsure,natural,yes,yes,slow,unsure,no,no,unsure,no,none,one_side,yes,moderate,moderate,0,none
REF_0673,generated_prototype,flat,natural,laid_stones,yes,yes,fast,clear_transparent,no,no,no,no,none,one_side,no,good,good,0,none
REF_0674,generated_prototype,unsure,natural,natural,yes,yes,slow,unsure,yes,no,no,no,none,unsure,no,good,good,0,none
REF_0676,generated_prototype,v_shape,artificial,laid_stones,no,no,stagnant_intermittent,muddy_turbid,yes,unsure,yes,unsure,unsure,both_sides,yes,poor,poor,0,none
REF_0678,generated_prototype,unsure,artificial,laid_stones,yes,yes,stagnant_intermittent,muddy_turbid,unsure,yes,no,no,one_side,one_side,unsure,moderate,moderate,0,none
REF_0680,generated_prototype,v_shape,artificial,unsure,no,yes,slow,clear_transparent,unsure,no,no,no,none,one_side,yes,moderate,moderate,0,none
REF_0681,generated_prototype,flat,natural,natural,yes,yes,slow,clear_transparent,no,no,no,unsure,none,both_sides,no,good,good,0,none
REF_0683,generated_prototype,v_shape,natural,natural,yes,yes,stagnant_intermittent,clear_transparent,no,no,no,no,none,one_side,no,good,good,0,none
REF_0685,generated_prototype,u_shape,unsure,natural,yes,no,fast,muddy_turbid,yes,no,no,unsure,one_side,both_sides,no,moderate,moderate,0,none
REF_0686,generated_prototype,unsure,natural,natural,yes,yes,fast,clear_transparent,no,no,no,no,none,both_sides,no,good,good,0,none
REF_0687,generated_prototype,v_shape,artificial,artificial,no,no,fast,muddy_turbid,no,no,unsure,yes,both_sides,one_side,no,poor,poor,0,none
REF_0688,generated_prototype,u_shape,natural,natural,yes,yes,slow,clear_transparent,no,no,no,no,unsure,both_sides,no,good,good,0,none
REF_0689,generated_prototype,v_shape,artificial,laid_stones,yes,no,fast,clear_transparent,unsure,no,no,yes,both_sides,both_sides,no,moderate,moderate,0,none
REF_0690,generated_prototype,v_shape,natural,natural,yes,yes,slow,clear_transparent,no,no,no,no,none,both_sides,no,good,good,0,none
REF_0691,generated_prototype,u_shape,natural,artificial,yes,yes,slow,muddy_turbid,no,no,no,no,none,both_sides,no,good,good,0,none
REF_0692,generated_prototype,u_shape,natural,laid_stones,no,yes,slow,clear_transparent,no,no,no,yes,one_side,both_sides,no,moderate,moderate,0,none
REF_0694,generated_prototype,v_shape,natural,natural,yes,yes,fast,clear_transparent,unsure,no,no,no,one_side,both_sides,no,good,good,0,none
REF_0695,generated_prototype,v_shape,natural,natural,yes,yes,stagnant_intermittent,clear_transparent,no,no,no,no,none,both_sides,no,good,good,0,none
REF_0696,generated_prototype,v_shape,natural,natural,yes,no,fast,clear_transparent,no,no,no,yes,one_side,one_side,no,moderate,moderate,0,none
REF_0697,generated_prototype,v_shape,natural,natural,yes,yes,stagnant_intermittent,clear_transparent,no,no,no,unsure,one_side,one_side,no,good,good,0,none
REF_0698,generated_prototype,u_shape,natural,artificial,no,yes,stagnant_intermittent,clear_transparent,yes,no,no,no,both_sides,one_side,yes,moderate,moderate,0,none
REF_0699,generated_prototype,flat,natural,natural,no,yes,stagnant_intermittent,muddy_turbid,no,no,no,no,one_side,one_side,no,moderate,moderate,0,none
REF_0700,generated_prototype,v_shape,natural,laid_stones,yes,yes,slow,clear_transparent,yes,no,no,no,one_side,both_sides,no,moderate,moderate,0,none
REF_0701,generated_prototype,v_shape,natural,artificial,no,no,slow,has_foam,no,yes,yes,yes,one_side,none,yes,poor,poor,0,none
REF_0703,generated_prototype,v_shape,artificial,natural,no,yes,slow,clear_transparent,no,no,unsure,no,none,one_side,no,moderate,moderate,0,none
REF_0704,generated_prototype,flat,natural,natural,yes,yes,fast,clear_transparent,no,no,no,yes,one_side,both_sides,no,moderate,moderate,0,none
REF_0705,generated_prototype,u_shape,natural,laid_stones,yes,yes,slow,clear_transparent,no,no,no,no,one_side,one_side,yes,moderate,moderate,0,none
REF_0706,generated_prototype,u_shape,artificial,natural,no,no,dry,altered_color,yes,yes,no,yes,none,one_side,yes,poor,poor,0,none
REF_0713,generated_prototype,unsure,natural,natural,no,yes,stagnant_intermittent,muddy_turbid,yes,yes,no,yes,both_sides,one_side,unsure,poor,poor,0,none
REF_0714,generated_prototype,u_shape,natural,laid_stones,yes,yes,slow,clear_transparent,no,no,no,no,both_sides,one_side,no,moderate,moderate,0,none
REF_0715,generated_prototype,flat,artificial,artificial,no,yes,dry,altered_color,no,yes,no,no,both_sides,both_sides,no,poor,poor,0,none
REF_0716,generated_prototype,flat,natural,natural,yes,yes,unsure,clear_transparent,no,no,no,no,both_sides,one_side,yes,moderate,moderate,0,none
REF_0717,generated_prototype,u_shape,natural,natural,yes,yes,slow,clear_transparent,no,no,no,no,none,both_sides,no,good,good,0,none
REF_0718,generated_prototype,u_shape,natural,artificial,no,yes,dry,muddy_turbid,unsure,yes,no,yes,both_sides,none,unsure,poor,poor,0,none
REF_0719,generated_prototype,flat,natural,laid_stones,yes,yes,slow,clear_transparent,no,no,no,yes,none,one_side,yes,moderate,moderate,0,none
REF_0721,generated_prototype,v_shape,natural,laid_stones,no,no,unsure,muddy_turbid,yes,yes,yes,yes,both_sides,none,yes,poor,poor,0,none
REF_0722,generated_prototype,u_shape,unsure,laid_stones,yes,yes,slow,clear_transparent,no,no,no,yes,one_side,one_side,no,moderate,moderate,0,none
REF_0723,generated_prototype,u_shape,artificial,laid_stones,no,no,stagnant_intermittent,muddy_turbid,unsure,yes,no,no,one_side,both_sides,no,moderate,moderate,0,none
REF_0724,generated_prototype,u_shape,natural,natural,yes,yes,stagnant_intermittent,clear_transparent,no,no,no,unsure,one_side,one_side,no,good,good,0,none
REF_0725,generated_prototype,u_shape,natural,artificial,no,yes,slow,muddy_turbid,yes,unsure,no,yes,none,one_side,no,moderate,moderate,0,none
REF_0727,generated_prototype,flat,artificial,artificial,no,no,stagnant_intermittent,altered_color,unsure,yes,unsure,no,none,one_side,yes,poor,poor,0,none
REF_0728,generated_prototype,u_shape,natural,natural,no,yes,slow,muddy_turbid,yes,no,no,unsure,both_sides,both_sides,no,moderate,moderate,0,none
REF_0729,generated_prototype,v_shape,artificial,artificial,no,no,slow,muddy_turbid,no,no,no,no,one_side,one_side,yes,moderate,moderate,0,none
REF_0730,generated_prototype,flat,natural,natural,yes,yes,fast,clear_transparent,no,no,no,no,none,both_sides,no,good,good,0,none
REF_0732,generated_prototype,flat,natural,laid_stones,no,no,dry,muddy_turbid,no,yes,yes,yes,one_side,one_side,no,poor,poor,0,none
REF_0734,generated_prototype,v_shape,natural,artificial,no,no,stagnant_intermittent,muddy_turbid,yes,yes,yes,unsure,both_sides,none,yes,poor,poor,0,none
REF_0735,generated_prototype,unsure,natural,natural,yes,no,slow,muddy_turbid,yes,yes,no,no,unsure,one_side,no,moderate,moderate,0,none
REF_0737,generated_prototype,v_shape,artificial,laid_stones,yes,no,stagnant_intermittent,clear_transparent,no,no,no,yes,none,both_sides,yes,moderate,moderate,0,none
REF_0738,generated_prototype,v_shape,artificial,laid_stones,no,no,fast,clear_transparent,unsure,unsure,unsure,yes,one_side,one_side,no,moderate,moderate,0,none
REF_0739,generated_prototype,v_shape,artificial,laid_stones,no,yes,stagnant_intermittent,altered_color,no,no,unsure,yes,both_sides,none,yes,poor,poor,0,none
REF_0742,generated_prototype,u_shape,natural,natural,yes,yes,fast,clear_transparent,unsure,no,no,no,one_side,both_sides,no,good,good,0,none
REF_0743,generated_prototype,v_shape,natural,artificial,yes,no,slow,muddy_turbid,yes,no,no,no,one_side,none,no,moderate,moderate,0,none
REF_0744,generated_prototype,v_shape,unsure,natural,yes,yes,slow,clear_transparent,yes,no,unsure,no,none,both_sides,no,moderate,moderate,0,none
REF_0745,generated_prototype,v_shape,natural,natural,yes,no,slow,clear_transparent,no,unsure,no,no,none,both_sides,no,good,good,0,none
REF_0746,generated_prototype,u_shape,natural,natural,yes,no,slow,muddy_turbid,no,no,no,no,none,both_sides,no,good,good,0,none
REF_0748,generated_prototype,v_shape,natural,natural,yes,yes,fast,unsure,no,no,no,no,none,one_side,no,good,good,0,none
REF_0749,generated_prototype,flat,artificial,laid_stones,no,no,stagnant_intermittent,has_foam,no,yes,yes,yes,both_sides,none,no,poor,poor,0,none
REF_0750,generated_prototype,u_shape,artificial,natural,no,no,stagnant_intermittent,muddy_turbid,no,yes,unsure,no,none,none,yes,poor,poor,0,none
REF_0751,generated_prototype,flat,natural,laid_stones,yes,yes,fast,unsure,yes,no,no,no,none,one_side,no,moderate,moderate,0,none
REF_0753,generated_prototype,v_shape,natural,natural,yes,no,slow,clear_transparent,unsure,yes,unsure,no,both_sides,one_side,yes,moderate,moderate,0,none
REF_0754,generated_prototype,flat,artificial,natural,yes,yes,slow,clear_transparent,unsure,no,no,no,one_side,both_sides,no,moderate,moderate,0,none
REF_0755,generated_prototype,u_shape,artificial,artificial,no,no,dry,altered_color,yes,yes,no,no,one_side,none,no,poor,poor,0,none
REF_0757,generated_prototype,v_shape,natural,artificial,yes,no,dry,has_foam,yes,yes,yes,yes,none,none,no,poor,poor,0,none
REF_0758,generated_prototype,u_shape,artificial,artificial,no,yes,slow,unsure,yes,no,no,no,one_side,one_side,no,moderate,moderate,0,none
REF_0759,generated_prototype,u_shape,artificial,artificial,no,no,stagnant_intermittent,muddy_turbid,no,yes,no,yes,unsure,none,yes,poor,poor,0,none
REF_0760,generated_prototype,u_shape,artificial,natural,no,yes,slow,has_foam,no,no,yes,yes,none,both_sides,no,moderate,moderate,0,none
REF_0761,generated_prototype,flat,artificial,artificial,no,no,dry,muddy_turbid,yes,yes,yes,no,both_sides,both_sides,yes,poor,poor,0,none
REF_0762,generated_prototype,u_shape,unsure,artificial,no,yes,slow,muddy_turbid,no,no,no,no,one_side,both_sides,no,moderate,moderate,0,none
REF_0763,generated_prototype,v_shape,artificial,artificial,no,no,stagnant_intermittent,muddy_turbid,yes,yes,yes,yes,unsure,both_sides,yes,poor,poor,0,none
REF_0764,generated_prototype,unsure,unsure,natural,yes,yes,slow,clear_transparent,no,unsure,no,no,none,both_sides,yes,moderate,moderate,0,none
REF_0766,generated_prototype,u_shape,natural,natural,yes,no,fast,clear_transparent,no,no,no,no,none,both_sides,no,good,good,0,none
REF_0768,generated_prototype,v_shape,natural,natural,yes,yes,slow,clear_transparent,no,no,no,no,none,both_sides,no,good,good,0,none
REF_0769,generated_prototype,u_shape,natural,natural,no,yes,slow,muddy_turbid,yes,no,no,no,one_side,both_sides,yes,moderate,moderate,0,none
REF_0770,generated_prototype,v_shape,natural,natural,yes,no,slow,clear_transparent,no,no,no,no,one_side,one_side,no,good,good,0,none
REF_0771,generated_prototype,v_shape,natural,natural,yes,yes,stagnant_intermittent,clear_transparent,no,unsure,unsure,no,both_sides,both_sides,no,moderate,moderate,0,none
REF_0772,generated_prototype,v_shape,natural,natural,yes,yes,slow,unsure,yes,no,no,no,none,both_sides,yes,good,good,0,none
REF_0773,generated_prototype,u_shape,natural,natural,yes,yes,stagnant_intermittent,muddy_turbid,no,no,no,no,none,both_sides,no,moderate,moderate,0,none
REF_0774,generated_prototype,u_shape,artificial,natural,no,no,stagnant_intermittent,altered_color,no,no,yes,yes,one_side,one_side,yes,poor,poor,0,none
REF_0776,generated_prototype,flat,artificial,laid_stones,yes,no,fast,clear_transparent,no,yes,no,yes,both_sides,unsure,yes,poor,poor,0,none
REF_0780,generated_prototype,u_shape,artificial,natural,yes,yes,slow,muddy_turbid,no,no,unsure,yes,none,both_sides,no,moderate,moderate,0,none
REF_0781,generated_prototype,flat,natural,natural,yes,yes,slow,clear_transparent,no,no,no,no,none,one_side,no,good,good,0,none
REF_0782,generated_prototype,flat,natural,artificial,no,no,slow,muddy_turbid,no,yes,no,unsure,one_side,none,yes,moderate,moderate,0,none
REF_0783,generated_prototype,u_shape,natural,natural,no,yes,slow,muddy_turbid,no,unsure,no,no,unsure,one_side,no,moderate,moderate,0,none
REF_0784,generated_prototype,u_shape,artificial,natural,no,yes,stagnant_intermittent,unsure,unsure,unsure,no,no,unsure,none,no,moderate,moderate,0,none
REF_0786,generated_prototype,v_shape,artificial,laid_stones,yes,yes,slow,clear_transparent,no,no,no,unsure,both_sides,both_sides,unsure,moderate,moderate,0,none
REF_0788,generated_prototype,u_shape,natural,natural,yes,yes,fast,clear_transparent,unsure,no,no,unsure,none,unsure,no,good,good,0,none
REF_0789,generated_prototype,u_shape,natural,natural,yes,yes,slow,clear_transparent,no,no,no,no,none,both_sides,no,good,good,0,none
REF_0790,generated_prototype,u_shape,natural,laid_stones,yes,yes,fast,muddy_turbid,no,no,no,no,one_side,both_sides,yes,good,good,0,none
REF_0792,generated_prototype,v_shape,artificial,unsure,no,no,slow,altered_color,yes,yes,no,yes,both_sides,none,no,poor,poor,0,none
REF_0793,generated_prototype,flat,natural,natural,yes,no,slow,clear_transparent,unsure,no,no,no,none,one_side,no,good,good,0,none
REF_0794,generated_prototype,u_shape,natural,natural,yes,yes,slow,clear_transparent,no,no,no,no,none,both_sides,no,good,good,0,none
REF_0795,generated_prototype,v_shape,natural,artificial,no,no,stagnant_intermittent,altered_color,unsure,yes,no,yes,both_sides,none,yes,poor,poor,0,none
REF_0796,generated_prototype,flat,natural,laid_stones,yes,yes,slow,clear_transparent,unsure,no,no,unsure,one_side,one_side,yes,moderate,moderate,0,none
REF_0797,generated_prototype,unsure,artificial,laid_stones,no,no,stagnant_intermittent,altered_color,no,no,no,yes,one_side,one_side,no,poor,poor,0,none
REF_0798,generated_prototype,v_shape,artificial,artificial,no,no,slow,unsure,no,yes,no,no,none,one_side,no,moderate,moderate,0,none
REF_0799,generated_prototype,u_shape,natural,natural,no,no,dry,clear_transparent,no,no,unsure,yes,unsure,both_sides,no,moderate,moderate,0,none
REF_0802,generated_prototype,flat,artificial,artificial,yes,yes,stagnant_intermittent,clear_transparent,no,no,no,no,one_side,both_sides,no,moderate,moderate,0,none
REF_0803,generated_prototype,u_shape,natural,unsure,yes,yes,stagnant_intermittent,clear_transparent,no,no,no,no,unsure,one_side,no,good,good,0,none
REF_0804,generated_prototype,flat,artificial,laid_stones,yes,yes,fast,clear_transparent,yes,no,no,no,none,none,yes,moderate,moderate,0,none
REF_0805,generated_prototype,v_shape,natural,natural,yes,yes,stagnant_intermittent,unsure,no,no,no,no,none,both_sides,no,moderate,moderate,0,none
REF_0806,generated_prototype,u_shape,natural,natural,yes,no,stagnant_intermittent,clear_transparent,yes,no,no,no,none,both_sides,unsure,moderate,moderate,0,none
REF_0807,generated_prototype,u_shape,artificial,natural,yes,yes,fast,clear_transparent,no,yes,no,no,both_sides,one_side,yes,moderate,moderate,0,none
REF_0809,generated_prototype,flat,natural,natural,yes,yes,fast,clear_transparent,no,unsure,no,no,none,both_sides,no,good,good,0,none
REF_0810,generated_prototype,v_shape,natural,laid_stones,no,no,stagnant_intermittent,has_foam,no,unsure,unsure,yes,both_sides,none,yes,poor,poor,0,none
REF_0811,generated_prototype,unsure,natural,natural,yes,yes,fast,clear_transparent,no,no,no,no,one_side,both_sides,yes,good,good,0,none
REF_0812,generated_prototype,flat,natural,natural,yes,yes,slow,clear_transparent,no,no,no,no,none,one_side,no,good,good,0,none
REF_0813,generated_prototype,u_shape,natural,natural,yes,no,slow,clear_transparent,unsure,no,no,no,one_side,both_sides,no,good,good,0,none
REF_0814,generated_prototype,flat,artificial,artificial,no,yes,dry,altered_color,yes,no,no,yes,both_sides,one_side,yes,poor,poor,0,none
REF_0816,generated_prototype,flat,natural,natural,no,no,slow,muddy_turbid,no,no,no,no,none,both_sides,yes,moderate,moderate,0,none
REF_0817,generated_prototype,flat,artificial,artificial,no,yes,stagnant_intermittent,muddy_turbid,yes,no,no,yes,one_side,unsure,yes,poor,poor,0,none
REF_0819,generated_prototype,u_shape,natural,natural,yes,yes,stagnant_intermittent,clear_transparent,no,no,no,no,one_side,both_sides,no,good,good,0,none
REF_0820,generated_prototype,flat,natural,natural,no,no,slow,muddy_turbid,yes,no,yes,no,one_side,one_side,no,moderate,moderate,0,none
REF_0821,generated_prototype,flat,artificial,artificial,yes,no,dry,muddy_turbid,yes,no,no,no,one_side,both_sides,no,moderate,moderate,0,none
REF_0822,generated_prototype,u_shape,natural,natural,yes,yes,unsure,clear_transparent,yes,no,no,no,one_side,one_side,no,good,good,0,none
REF_0823,generated_prototype,u_shape,natural,laid_stones,no,yes,fast,muddy_turbid,no,no,no,yes,none,one_side,no,moderate,moderate,0,none
REF_0824,generated_prototype,flat,unsure,artificial,yes,no,fast,muddy_turbid,no,unsure,unsure,no,one_side,both_sides,no,moderate,moderate,0,none
REF_0825,generated_prototype,v_shape,natural,natural,yes,yes,slow,clear_transparent,yes,no,no,no,none,both_sides,no,good,good,0,none
REF_0827,generated_prototype,unsure,natural,natural,yes,yes,slow,clear_transparent,yes,no,no,no,none,one_side,yes,moderate,moderate,0,none
REF_0828,generated_prototype,flat,artificial,laid_stones,no,yes,stagnant_intermittent,clear_transparent,no,no,no,no,none,both_sides,no,moderate,moderate,0,none
REF_0829,generated_prototype,flat,natural,artificial,yes,yes,slow,clear_transparent,no,no,no,no,none,both_sides,no,good,good,0,none
REF_0830,generated_prototype,u_shape,artificial,artificial,yes,yes,stagnant_intermittent,clear_transparent,yes,no,no,yes,none,none,yes,poor,poor,0,none
REF_0833,generated_prototype,u_shape,artificial,artificial,no,yes,unsure,clear_transparent,yes,no,yes,no,one_side,none,yes,poor,poor,0,none
REF_0834,generated_prototype,u_shape,natural,natural,yes,no,unsure,clear_transparent,no,no,no,no,none,both_sides,no,good,good,0,none
REF_0837,generated_prototype,u_shape,artificial,artificial,yes,yes,slow,clear_transparent,yes,unsure,yes,no,both_sides,both_sides,no,moderate,moderate,0,none
REF_0838,generated_prototype,unsure,natural,natural,yes,yes,slow,clear_transparent,no,no,no,no,one_side,both_sides,no,good,good,0,none
REF_0840,generated_prototype,v_shape,artificial,artificial,no,no,dry,muddy_turbid,unsure,no,yes,yes,one_side,none,yes,poor,poor,0,none
REF_0841,generated_prototype,flat,natural,natural,yes,yes,slow,clear_transparent,no,no,no,unsure,none,both_sides,yes,good,good,0,none
REF_0842,generated_prototype,unsure,artificial,natural,no,yes,dry,has_foam,no,yes,no,yes,unsure,none,no,poor,poor,0,none
REF_0843,generated_prototype,u_shape,natural,natural,yes,yes,slow,clear_transparent,no,no,no,no,none,both_sides,no,good,good,0,none
REF_0844,generated_prototype,u_shape,natural,natural,yes,yes,slow,clear_transparent,no,no,no,no,none,both_sides,no,good,good,0,none
REF_0845,generated_prototype,v_shape,artificial,natural,yes,yes,slow,clear_transparent,no,unsure,no,no,one_side,both_sides,no,moderate,moderate,0,none
REF_0846,generated_prototype,u_shape,unsure,natural,yes,yes,dry,clear_transparent,no,no,no,no,none,one_side,no,moderate,moderate,0,none
REF_0849,generated_prototype,unsure,natural,natural,yes,yes,stagnant_intermittent,muddy_turbid,unsure,no,no,no,none,none,no,moderate,moderate,0,none
REF_0850,generated_prototype,v_shape,natural,natural,yes,yes,slow,clear_transparent,no,no,no,no,none,both_sides,no,good,good,0,none
REF_0852,generated_prototype,v_shape,artificial,natural,no,yes,stagnant_intermittent,clear_transparent,no,no,no,no,both_sides,both_sides,no,moderate,moderate,0,none
REF_0853,generated_prototype,v_shape,natural,unsure,no,yes,slow,clear_transparent,no,no,no,no,both_sides,one_side,no,moderate,moderate,0,none
REF_0854,generated_prototype,flat,artificial,unsure,no,no,slow,altered_color,yes,yes,yes,no,none,none,no,poor,poor,0,none
REF_0855,generated_prototype,flat,natural,laid_stones,no,no,stagnant_intermittent,altered_color,yes,no,unsure,no,one_side,none,yes,poor,poor,0,none
REF_0856,generated_prototype,u_shape,natural,natural,yes,no,unsure,clear_transparent,no,no,no,no,none,both_sides,unsure,good,good,0,none
REF_0857,generated_prototype,flat,natural,natural,yes,yes,dry,clear_transparent,no,no,no,unsure,none,both_sides,no,good,good,0,none
REF_0858,generated_prototype,unsure,natural,artificial,yes,yes,slow,clear_transparent,unsure,no,no,no,none,both_sides,no,good,good,0,none
REF_0860,generated_prototype,u_shape,natural,natural,yes,yes,slow,clear_transparent,no,no,no,no,none,both_sides,no,moderate,moderate,0,none
REF_0862,generated_prototype,u_shape,natural,laid_stones,yes,no,stagnant_intermittent,muddy_turbid,yes,no,no,no,unsure,one_side,yes,moderate,moderate,0,none
REF_0863,generated_prototype,flat,artificial,laid_stones,yes,yes,stagnant_intermittent,clear_transparent,no,no,no,no,none,both_sides,no,moderate,moderate,0,none
REF_0864,generated_prototype,v_shape,artificial,natural,no,no,stagnant_intermittent,muddy_turbid,yes,yes,no,no,one_side,none,yes,poor,poor,0,none
REF_0866,generated_prototype,v_shape,natural,natural,yes,yes,slow,clear_transparent,unsure,no,no,no,none,both_sides,no,good,good,0,none
REF_0867,generated_prototype,unsure,natural,natural,no,no,unsure,has_foam,yes,unsure,no,no,one_side,one_side,no,moderate,moderate,0,none
REF_0868,generated_prototype,v_shape,natural,natural,yes,yes,slow,clear_transparent,no,no,no,no,none,both_sides,no,good,good,0,none
REF_0869,generated_prototype,u_shape,natural,natural,yes,no,slow,clear_transparent,no,unsure,no,no,none,both_sides,no,good,good,0,none
REF_0870,generated_prototype,flat,unsure,artificial,no,yes,fast,muddy_turbid,yes,no,no,yes,one_side,none,yes,poor,poor,0,none
REF_0873,generated_prototype,u_shape,natural,natural,yes,yes,fast,clear_transparent,no,no,no,no,none,both_sides,no,good,good,0,none
REF_0874,generated_prototype,u_shape,natural,natural,yes,yes,fast,clear_transparent,no,no,no,no,none,both_sides,no,good,good,0,none
REF_0876,generated_prototype,v_shape,natural,laid_stones,no,yes,stagnant_intermittent,clear_transparent,no,no,yes,unsure,both_sides,both_sides,unsure,moderate,moderate,0,none
REF_0880,generated_prototype,flat,natural,natural,yes,no,slow,clear_transparent,no,no,no,no,one_side,both_sides,no,good,good,0,none
REF_0881,generated_prototype,u_shape,natural,natural,yes,yes,slow,clear_transparent,no,no,no,no,unsure,both_sides,no,good,good,0,none
REF_0882,generated_prototype,u_shape,natural,unsure,yes,yes,slow,altered_color,no,unsure,no,no,one_side,one_side,no,moderate,moderate,0,none
REF_0883,generated_prototype,u_shape,natural,natural,yes,yes,stagnant_intermittent,clear_transparent,yes,no,no,no,none,both_sides,no,good,good,0,none
REF_0887,generated_prototype,u_shape,natural,natural,yes,yes,slow,clear_transparent,yes,no,no,no,none,both_sides,no,good,good,0,none
REF_0888,generated_prototype,u_shape,natural,artificial,no,no,stagnant_intermittent,clear_transparent,no,no,no,no,one_side,one_side,no,moderate,moderate,0,none
REF_0889,generated_prototype,flat,natural,natural,yes,no,fast,muddy_turbid,no,no,no,no,none,both_sides,no,good,good,0,none
REF_0890,generated_prototype,u_shape,natural,natural,yes,yes,slow,muddy_turbid,no,no,no,no,none,both_sides,no,good,good,0,none
REF_0891,generated_prototype,flat,unsure,natural,yes,yes,slow,clear_transparent,no,no,no,no,none,one_side,no,good,good,0,none
REF_0892,generated_prototype,u_shape,artificial,natural,yes,no,fast,has_foam,no,yes,yes,yes,both_sides,one_side,no,poor,poor,0,none
REF_0893,generated_prototype,flat,artificial,artificial,no,yes,stagnant_intermittent,muddy_turbid,yes,no,no,yes,one_side,none,yes,poor,poor,0,none
REF_0894,generated_prototype,flat,natural,natural,yes,no,slow,clear_transparent,no,unsure,no,no,both_sides,one_side,unsure,moderate,moderate,0,none
REF_0895,generated_prototype,u_shape,natural,artificial,yes,yes,fast,altered_color,yes,yes,yes,no,one_side,none,no,poor,poor,0,none
REF_0897,generated_prototype,v_shape,artificial,artificial,yes,yes,fast,muddy_turbid,yes,yes,yes,yes,one_side,one_side,yes,poor,poor,0,none
REF_0898,generated_prototype,v_shape,natural,artificial,yes,yes,fast,clear_transparent,yes,no,no,no,both_sides,both_sides,no,moderate,moderate,0,none
REF_0900,generated_prototype,u_shape,natural,natural,yes,yes,slow,clear_transparent,no,no,no,no,none,both_sides,no,good,good,0,none
REF_0901,generated_prototype,v_shape,natural,natural,yes,yes,stagnant_intermittent,clear_transparent,no,yes,no,no,none,both_sides,yes,moderate,moderate,0,none
REF_0902,generated_prototype,flat,natural,laid_stones,yes,yes,dry,has_foam,yes,yes,no,yes,both_sides,none,yes,poor,poor,0,none
REF_0903,generated_prototype,u_shape,artificial,natural,yes,yes,fast,clear_transparent,yes,no,no,unsure,both_sides,both_sides,yes,moderate,moderate,0,none
REF_0904,generated_prototype,flat,artificial,artificial,yes,no,slow,altered_color,no,no,no,yes,one_side,both_sides,yes,moderate,moderate,0,none
REF_0906,generated_prototype,u_shape,artificial,artificial,no,no,dry,altered_color,unsure,unsure,no,yes,unsure,one_side,yes,poor,poor,0,none
REF_0907,generated_prototype,flat,natural,natural,no,yes,fast,clear_transparent,yes,no,no,yes,none,both_sides,no,moderate,moderate,0,none
REF_0909,generated_prototype,v_shape,natural,laid_stones,yes,no,fast,unsure,unsure,no,no,no,none,one_side,no,moderate,moderate,0,none
REF_0910,generated_prototype,u_shape,artificial,laid_stones,yes,no,stagnant_intermittent,clear_transparent,no,no,no,no,one_side,unsure,no,moderate,moderate,0,none
REF_0913,generated_prototype,v_shape,natural,natural,yes,yes,slow,clear_transparent,yes,no,no,no,both_sides,one_side,no,moderate,moderate,0,none
REF_0914,generated_prototype,flat,artificial,natural,yes,no,stagnant_intermittent,altered_color,yes,no,yes,yes,both_sides,both_sides,yes,poor,poor,0,none
REF_0915,generated_prototype,u_shape,artificial,unsure,yes,yes,stagnant_intermittent,clear_transparent,no,no,no,no,none,both_sides,no,moderate,moderate,0,none
REF_0916,generated_prototype,v_shape,natural,natural,yes,yes,fast,clear_transparent,no,no,no,no,none,one_side,no,good,good,0,none
REF_0917,generated_prototype,v_shape,natural,unsure,yes,no,slow,clear_transparent,no,no,no,no,none,both_sides,no,good,good,0,none
REF_0918,generated_prototype,flat,natural,natural,yes,yes,fast,clear_transparent,no,no,no,no,none,both_sides,no,good,good,0,none
REF_0919,generated_prototype,flat,natural,natural,yes,yes,slow,clear_transparent,unsure,no,no,no,none,one_side,no,moderate,moderate,0,none
REF_0920,generated_prototype,flat,natural,natural,yes,yes,fast,clear_transparent,no,no,no,no,none,both_sides,no,good,good,0,none
REF_0922,generated_prototype,u_shape,natural,natural,yes,yes,slow,clear_transparent,no,no,no,no,none,both_sides,no,good,good,0,none
REF_0923,generated_prototype,u_shape,natural,unsure,yes,yes,slow,clear_transparent,no,no,no,no,none,both_sides,no,good,good,0,none
REF_0925,generated_prototype,u_shape,artificial,natural,no,no,stagnant_intermittent,muddy_turbid,no,no,no,yes,none,one_side,no,moderate,moderate,0,none
REF_0926,generated_prototype,flat,natural,natural,yes,no,fast,clear_transparent,no,no,no,unsure,unsure,both_sides,no,moderate,moderate,0,none
REF_0930,generated_prototype,v_shape,natural,artificial,no,yes,slow,unsure,yes,no,no,yes,one_side,both_sides,no,moderate,moderate,0,none
REF_0934,generated_prototype,v_shape,natural,artificial,yes,no,stagnant_intermittent,clear_transparent,no,no,no,no,one_side,both_sides,no,good,good,0,none
REF_0935,generated_prototype,flat,natural,natural,yes,no,stagnant_intermittent,clear_transparent,no,no,no,no,none,both_sides,no,good,good,0,none
REF_0936,generated_prototype,u_shape,natural,natural,yes,no,slow,clear_transparent,no,no,no,no,none,both_sides,no,good,good,0,none
REF_0937,generated_prototype,u_shape,artificial,artificial,yes,yes,slow,muddy_turbid,no,no,no,no,one_side,both_sides,yes,moderate,moderate,0,none
REF_0940,generated_prototype,u_shape,unsure,natural,yes,yes,fast,clear_transparent,unsure,no,no,no,none,both_sides,no,moderate,moderate,0,none
REF_0942,generated_prototype,v_shape,artificial,natural,yes,yes,fast,clear_transparent,unsure,no,no,no,one_side,both_sides,yes,moderate,moderate,0,none
REF_0943,generated_prototype,flat,natural,natural,yes,yes,slow,clear_transparent,no,no,no,no,none,one_side,no,good,good,0,none
REF_0944,generated_prototype,flat,artificial,artificial,no,yes,stagnant_intermittent,muddy_turbid,yes,no,no,no,one_side,one_side,yes,moderate,moderate,0,none
REF_0948,generated_prototype,flat,artificial,laid_stones,yes,yes,stagnant_intermittent,has_foam,yes,yes,no,yes,one_side,both_sides,yes,poor,poor,0,none
REF_0950,generated_prototype,v_shape,natural,laid_stones,yes,yes,fast,clear_transparent,unsure,no,no,no,unsure,both_sides,no,good,good,0,none
